iso_code,continent,location,last_updated_date,total_cases,total_deaths,total_cases_per_million,total_deaths_per_million,reproduction_rate,icu_patients,icu_patients_per_million,hosp_patients,hosp_patients_per_million,weekly_icu_admissions,weekly_icu_admissions_per_million,weekly_hosp_admissions,weekly_hosp_admissions_per_million,total_tests,total_tests_per_thousand,positive_rate,tests_per_case,tests_units,total_vaccinations,people_vaccinated,people_fully_vaccinated,total_boosters,total_vaccinations_per_hundred,people_vaccinated_per_hundred,people_fully_vaccinated_per_hundred,total_boosters_per_hundred,stringency_index,population_density,median_age,aged_65_older,aged_70_older,gdp_per_capita,extreme_poverty,cardiovasc_death_rate,diabetes_prevalence,female_smokers,male_smokers,handwashing_facilities,hospital_beds_per_thousand,life_expectancy,human_development_index,population,excess_mortality_cumulative_absolute,excess_mortality_cumulative,excess_mortality,excess_mortality_cumulative_per_million
AFG,Asia,Afghanistan,2022-12-03,206145,7834,5012.185,190.475,0.91,NA,NA,NA,NA,NA,NA,NA,NA,NA,NA,NA,NA,NA,12275911,11292816,10587076,NA,29.85,27.46,25.74,NA,2.78,54.422,18.6,2.581,1.337,1803.987,NA,597.029,9.59,NA,NA,37.746,0.5,64.83,0.511,41128772,NA,NA,NA,NA
OWID_AFR,NA,Africa,2022-12-03,12430618,257231,8712.623,180.293,NA,NA,NA,NA,NA,NA,NA,NA,NA,NA,NA,NA,NA,NA,691890421,452068342,364659477,58534229,48.49,31.69,25.56,4.1,NA,NA,NA,NA,NA,NA,NA,NA,NA,NA,NA,NA,NA,NA,NA,1426736614,NA,NA,NA,NA
ALB,Europe,Albania,2022-12-03,333391,3594,117295.461,1264.461,0.7,NA,NA,NA,NA,NA,NA,NA,NA,NA,NA,NA,NA,NA,NA,NA,NA,NA,NA,NA,NA,NA,11.11,104.871,38,13.188,8.643,11803.431,1.1,304.195,10.08,7.1,51.2,NA,2.89,78.57,0.795,2842318,NA,NA,NA,NA
DZA,Africa,Algeria,2022-12-03,271102,6881,6037.472,153.241,0.92,NA,NA,NA,NA,NA,NA,NA,NA,NA,NA,NA,NA,NA,NA,NA,NA,NA,NA,NA,NA,NA,NA,17.348,29.1,6.211,3.857,13913.839,0.5,278.364,6.73,0.7,30.4,83.741,1.9,76.88,0.748,44903228,NA,NA,NA,NA
AND,Europe,Andorra,2022-12-03,47219,157,591398.119,1966.359,0.31,NA,NA,NA,NA,NA,NA,NA,NA,NA,NA,NA,NA,NA,NA,NA,NA,NA,NA,NA,NA,NA,5.56,163.755,NA,NA,NA,NA,NA,109.135,7.97,29,37.8,NA,NA,83.73,0.868,79843,NA,NA,NA,NA
AGO,Africa,Angola,2022-12-03,104676,1924,2941.246,54.062,0.36,NA,NA,NA,NA,NA,NA,NA,NA,NA,NA,NA,NA,NA,23229526,14220830,7814121,1127156,65.27,39.96,21.96,3.17,22.65,23.89,16.8,2.405,1.362,5819.495,NA,276.045,3.94,NA,NA,26.664,NA,61.15,0.581,35588996,NA,NA,NA,NA
AIA,North America,Anguilla,2022-12-03,3904,12,245890.282,755.81,NA,NA,NA,NA,NA,NA,NA,NA,NA,NA,NA,NA,NA,NA,24441,10852,10373,NA,153.94,68.35,65.33,NA,NA,NA,NA,NA,NA,NA,NA,NA,NA,NA,NA,NA,NA,81.88,NA,15877,NA,NA,NA,NA
ATG,North America,Antigua and Barbuda,2022-12-03,9106,146,97107.879,1556.968,0.01,NA,NA,NA,NA,NA,NA,NA,NA,NA,NA,NA,NA,NA,NA,NA,NA,NA,NA,NA,NA,NA,NA,231.845,32.1,6.933,4.631,21490.943,NA,191.511,13.17,NA,NA,NA,3.8,77.02,0.778,93772,NA,NA,NA,NA
ARG,South America,Argentina,2022-12-03,9727247,130025,213737.151,2857.044,1.26,NA,NA,NA,NA,NA,NA,NA,NA,NA,NA,NA,NA,NA,110598035,41375117,37877606,31667238,243.02,90.91,83.23,69.58,NA,16.177,31.9,11.198,7.441,18933.907,0.6,191.032,5.5,16.2,27.7,NA,5,76.67,0.845,45510324,NA,NA,NA,NA
ARM,Asia,Armenia,2022-12-03,445737,8710,160309.832,3132.562,1.49,NA,NA,NA,NA,NA,NA,NA,NA,NA,NA,NA,NA,NA,NA,NA,NA,NA,NA,NA,NA,NA,NA,102.931,35.7,11.232,7.571,8787.58,1.8,341.01,7.11,1.5,52.1,94.043,4.2,75.09,0.776,2780472,NA,NA,NA,NA
ABW,North America,Aruba,2022-12-03,43641,236,409932.462,2216.816,NA,NA,NA,NA,NA,NA,NA,NA,NA,NA,NA,NA,NA,NA,174009,90092,83917,NA,163.45,84.63,78.83,NA,25.93,584.8,41.2,13.085,7.452,35973.781,NA,NA,11.62,NA,NA,NA,NA,76.29,NA,106459,NA,NA,NA,NA
OWID_ASI,NA,Asia,2022-12-03,196011777,1503906,41515.751,318.531,NA,NA,NA,NA,NA,NA,NA,NA,NA,NA,NA,NA,NA,NA,8826869462,3630638129,3405031053,1712966161,186.96,76.9,72.12,36.28,NA,NA,NA,NA,NA,NA,NA,NA,NA,NA,NA,NA,NA,NA,NA,4721383370,NA,NA,NA,NA
AUS,Oceania,Australia,2022-12-03,10751318,16244,410709.768,620.535,1.43,81,3.094,2794,106.733,NA,NA,NA,NA,NA,NA,NA,NA,NA,63460368,22236983,21656235,19567150,242.42,84.95,82.73,74.75,11.11,3.202,37.9,15.504,10.129,44648.71,0.5,107.791,5.07,13,16.5,NA,3.84,83.44,0.944,26177410,NA,NA,NA,NA
AUT,Europe,Austria,2022-12-03,5576700,21231,623818.671,2374.934,1.07,57,6.376,1004,112.309,NA,NA,NA,NA,NA,NA,NA,NA,NA,20172542,6894948,NA,6644886,225.65,77.13,NA,74.33,35.19,106.749,44.4,19.202,13.748,45436.686,0.7,145.183,6.35,28.4,30.9,NA,7.37,81.54,0.922,8939617,NA,NA,NA,NA
AZE,Asia,Azerbaijan,2022-12-03,824452,9983,79595.075,963.789,1.04,NA,NA,NA,NA,NA,NA,NA,NA,NA,NA,NA,NA,NA,NA,NA,NA,NA,NA,NA,NA,NA,40.35,119.309,32.4,6.018,3.871,15847.419,NA,559.812,7.11,0.3,42.5,83.241,4.7,73,0.756,10358078,NA,NA,NA,NA
BHS,North America,Bahamas,2022-12-03,37491,833,91443.917,2031.762,0.84,NA,NA,NA,NA,NA,NA,NA,NA,NA,NA,NA,NA,NA,NA,NA,NA,NA,NA,NA,NA,NA,32.41,39.497,34.3,8.996,5.2,27717.847,NA,235.954,13.17,3.1,20.4,NA,2.9,73.92,0.814,409989,NA,NA,NA,NA
BHR,Asia,Bahrain,2022-12-03,696622,1536,473172.458,1043.31,0.77,NA,NA,NA,NA,NA,NA,NA,NA,NA,NA,NA,NA,NA,3476007,1241101,1226717,1008189,236.1,84.3,83.32,68.48,NA,1935.907,32.4,2.372,1.387,43290.705,NA,151.689,16.52,5.8,37.6,NA,2,77.29,0.852,1472237,NA,NA,NA,NA
BGD,Asia,Bangladesh,2022-12-03,2036622,29434,11897.104,171.941,0.58,NA,NA,NA,NA,NA,NA,NA,NA,NA,NA,NA,NA,NA,331485953,148052616,125109629,58882275,193.64,86.49,73.08,34.4,NA,1265.036,27.5,5.098,3.262,3523.984,14.8,298.003,8.38,1,44.7,34.808,0.8,72.59,0.632,171186368,NA,NA,NA,NA
BRB,North America,Barbados,2022-12-03,104416,567,370734.894,2013.165,0.04,NA,NA,NA,NA,NA,NA,NA,NA,NA,NA,NA,NA,NA,380898,163777,154951,62170,135.24,58.15,55.02,22.07,11.11,664.463,39.8,14.952,9.473,16978.068,NA,170.05,13.57,1.9,14.5,88.469,5.8,79.19,0.814,281646,NA,NA,NA,NA
BLR,Europe,Belarus,2022-12-03,994037,7118,104251.871,746.516,-0,NA,NA,NA,NA,NA,NA,NA,NA,NA,NA,NA,NA,NA,NA,NA,NA,NA,NA,NA,NA,NA,5.56,46.858,40.3,14.799,9.788,17167.967,NA,443.129,5.18,10.5,46.1,NA,11,74.79,0.823,9534956,NA,NA,NA,NA
BEL,Europe,Belgium,2022-12-03,4639411,33061,398030.34,2836.412,1.59,48,4.118,957,82.104,NA,NA,489,41.953,NA,NA,NA,NA,NA,29504302,9262734,9165346,11506707,253.13,79.47,78.63,98.72,NA,375.564,41.8,18.571,12.849,42658.576,0.2,114.898,4.29,25.1,31.4,NA,5.64,81.63,0.931,11655923,NA,NA,NA,NA
BLZ,North America,Belize,2022-12-03,69048,688,170369,1697.571,0.1,NA,NA,NA,NA,NA,NA,NA,NA,NA,NA,NA,NA,NA,501761,251773,221201,51027,123.8,62.12,54.58,12.59,NA,16.426,25,3.853,2.279,7824.362,NA,176.957,17.11,NA,NA,90.083,1.3,74.62,0.716,405285,NA,NA,NA,NA
BEN,Africa,Benin,2022-12-03,27980,163,2095.431,12.207,0.03,NA,NA,NA,NA,NA,NA,NA,NA,NA,NA,NA,NA,NA,NA,NA,NA,NA,NA,NA,NA,NA,5.56,99.11,18.8,3.244,1.942,2064.236,49.6,235.848,0.99,0.6,12.3,11.035,0.5,61.77,0.545,13352864,NA,NA,NA,NA
BMU,North America,Bermuda,2022-12-03,18519,152,288426.496,2367.343,NA,NA,NA,NA,NA,NA,NA,NA,NA,NA,NA,NA,NA,NA,NA,NA,NA,NA,NA,NA,NA,NA,24.07,1308.82,NA,NA,NA,50669.315,NA,139.547,13,NA,NA,NA,NA,82.59,NA,64207,NA,NA,NA,NA
BTN,Asia,Bhutan,2022-12-03,62503,21,79880.428,26.839,0.54,NA,NA,NA,NA,NA,NA,NA,NA,NA,NA,NA,NA,NA,NA,NA,NA,NA,NA,NA,NA,NA,NA,21.188,28.6,4.885,2.977,8708.597,1.5,217.066,9.75,NA,NA,79.807,1.7,71.78,0.654,782457,NA,NA,NA,NA
BOL,South America,Bolivia,2022-12-03,1112309,22249,90993.016,1820.091,1.43,NA,NA,NA,NA,NA,NA,NA,NA,NA,NA,NA,NA,NA,NA,NA,NA,NA,NA,NA,NA,NA,NA,10.202,25.4,6.704,4.393,6885.829,7.1,204.299,6.89,NA,NA,25.383,1.1,71.51,0.718,12224114,NA,NA,NA,NA
BES,North America,Bonaire Sint Eustatius and Saba,2022-12-03,11555,38,427140.322,1404.702,NA,NA,NA,NA,NA,NA,NA,NA,NA,NA,NA,NA,NA,NA,NA,NA,NA,NA,NA,NA,NA,NA,NA,NA,NA,NA,NA,NA,NA,NA,NA,NA,NA,NA,NA,77.79,NA,27052,NA,NA,NA,NA
BIH,Europe,Bosnia and Herzegovina,2022-12-03,400572,16203,123880.712,5010.932,0.99,NA,NA,NA,NA,NA,NA,NA,NA,NA,NA,NA,NA,NA,NA,NA,NA,NA,NA,NA,NA,NA,25.93,68.496,42.5,16.569,10.711,11713.895,0.2,329.635,10.08,30.2,47.7,97.164,3.5,77.4,0.78,3233530,NA,NA,NA,NA
BWA,Africa,Botswana,2022-12-03,326633,2790,124180.892,1060.716,0.03,NA,NA,NA,NA,NA,NA,NA,NA,NA,NA,NA,NA,NA,3099433,1679676,1412496,498312,117.84,63.86,53.7,18.95,NA,4.044,25.8,3.941,2.242,15807.374,NA,237.372,4.81,5.7,34.4,NA,1.8,69.59,0.735,2630300,NA,NA,NA,NA
BRA,South America,Brazil,2022-12-03,35337546,690074,164121.364,3204.973,1.46,NA,NA,NA,NA,NA,NA,NA,NA,NA,NA,NA,NA,NA,476316566,188065384,174150762,119819824,221.22,87.34,80.88,55.65,22.22,25.04,33.5,8.552,5.06,14103.452,3.4,177.961,8.11,10.1,17.9,NA,2.2,75.88,0.765,215313504,NA,NA,NA,NA
VGB,North America,British Virgin Islands,2022-12-03,7305,64,233148.219,2042.64,NA,NA,NA,NA,NA,NA,NA,NA,NA,NA,NA,NA,NA,NA,NA,NA,NA,NA,NA,NA,NA,NA,NA,207.973,NA,NA,NA,NA,NA,NA,13.67,NA,NA,NA,NA,79.07,NA,31332,NA,NA,NA,NA
BRN,Asia,Brunei,2022-12-03,257921,225,574431.74,501.111,0.05,NA,NA,NA,NA,NA,NA,NA,NA,NA,NA,NA,NA,NA,1283392,450404,445929,338987,285.83,100.31,99.32,75.5,NA,81.347,32.4,4.591,2.382,71809.251,NA,201.285,12.79,2,30.9,NA,2.7,75.86,0.838,449002,NA,NA,NA,NA
BGR,Europe,Bulgaria,2022-12-03,1287652,38049,189864.427,5610.329,0.79,48,7.078,459,67.68,NA,NA,NA,NA,NA,NA,NA,NA,NA,4597522,NA,2074185,NA,67.79,NA,30.58,NA,NA,65.18,44.7,20.801,13.272,18563.307,1.5,424.688,5.81,30.1,44.4,NA,7.454,75.05,0.816,6781955,NA,NA,NA,NA
BFA,Africa,Burkina Faso,2022-12-03,21631,387,954.01,17.068,-0,NA,NA,NA,NA,NA,NA,NA,NA,NA,NA,NA,NA,NA,NA,NA,NA,NA,NA,NA,NA,NA,NA,70.151,17.6,2.409,1.358,1703.102,43.7,269.048,2.42,1.6,23.9,11.877,0.4,61.58,0.452,22673764,NA,NA,NA,NA
BDI,Africa,Burundi,2022-12-03,51018,38,3958.08,2.948,0.28,NA,NA,NA,NA,NA,NA,NA,NA,NA,NA,NA,NA,NA,28043,26110,25526,54,0.22,0.2,0.2,0,19.44,423.062,17.5,2.562,1.504,702.225,71.7,293.068,6.05,NA,NA,6.144,0.8,61.58,0.433,12889583,NA,NA,NA,NA
KHM,Asia,Cambodia,2022-12-03,138131,3056,8237.848,182.254,1.81,NA,NA,NA,NA,NA,NA,NA,NA,NA,NA,NA,NA,NA,44909637,15226312,14590810,10358897,267.83,90.81,87.02,61.78,14.81,90.672,25.6,4.412,2.385,3645.07,NA,270.892,4,2,33.7,66.229,0.8,69.82,0.594,16767851,NA,NA,NA,NA
CMR,Africa,Cameroon,2022-12-03,123993,1965,4441.878,70.393,0.14,NA,NA,NA,NA,NA,NA,NA,NA,NA,NA,NA,NA,NA,1938111,1651151,1298666,68320,6.94,5.92,4.65,0.24,NA,50.885,18.8,3.165,1.919,3364.926,23.8,244.661,7.2,NA,NA,2.735,1.3,59.29,0.563,27914542,NA,NA,NA,NA
CAN,North America,Canada,2022-12-03,4444912,48133,115589.382,1251.693,0.71,267,6.943,5457,141.909,NA,NA,NA,NA,NA,NA,NA,NA,NA,95251913,34367278,31695059,29189576,247.7,89.37,82.42,75.91,5.56,4.037,41.4,16.984,10.797,44017.591,0.5,105.599,7.37,12,16.6,NA,2.5,82.43,0.929,38454328,NA,NA,NA,NA
CPV,Africa,Cape Verde,2022-12-03,63078,412,106341.944,694.583,1.12,NA,NA,NA,NA,NA,NA,NA,NA,NA,NA,NA,NA,NA,NA,NA,NA,NA,NA,NA,NA,NA,11.11,135.58,25.7,4.46,3.437,6222.554,NA,182.219,2.42,2.1,16.5,NA,2.1,72.98,0.665,593162,NA,NA,NA,NA
CYM,North America,Cayman Islands,2022-12-03,31359,36,456316.754,523.85,NA,NA,NA,NA,NA,NA,NA,NA,NA,NA,NA,NA,NA,NA,NA,NA,NA,NA,NA,NA,NA,NA,NA,256.496,NA,NA,NA,49903.029,NA,NA,13.22,NA,NA,NA,NA,83.92,NA,68722,NA,NA,NA,NA
CAF,Africa,Central African Republic,2022-12-03,15311,113,2744.326,20.254,0.17,NA,NA,NA,NA,NA,NA,NA,NA,NA,NA,NA,NA,NA,1838144,1748700,1658308,214090,32.95,31.34,29.72,3.84,13.89,7.479,18.3,3.655,2.251,661.24,NA,435.727,6.1,NA,NA,16.603,1,53.28,0.397,5579148,NA,NA,NA,NA
TCD,Africa,Chad,2022-12-03,7646,194,431.409,10.946,0.28,NA,NA,NA,NA,NA,NA,NA,NA,NA,NA,NA,NA,NA,NA,NA,NA,NA,NA,NA,NA,NA,NA,11.833,16.7,2.486,1.446,1768.153,38.4,280.995,6.1,NA,NA,5.818,NA,54.24,0.398,17723312,NA,NA,NA,NA
CHL,South America,Chile,2022-12-03,4933525,62543,251662.489,3190.361,0.88,138,7.039,NA,NA,NA,NA,NA,NA,NA,NA,NA,NA,NA,62583292,18080462,17692862,27384664,319.24,92.23,90.25,139.69,13.89,24.282,35.4,11.087,6.938,22767.037,1.3,127.993,8.46,34.2,41.5,NA,2.11,80.18,0.851,19603736,NA,NA,NA,NA
CHN,Asia,China,2022-12-03,1702449,5235,1193.958,3.671,1.16,NA,NA,NA,NA,NA,NA,NA,NA,NA,NA,NA,NA,NA,3444010000,1304631000,1272830000,811176000,241.53,91.5,89.27,56.89,NA,147.674,38.7,10.641,5.929,15308.712,0.7,261.899,9.74,1.9,48.4,NA,4.34,76.91,0.761,1425887360,NA,NA,NA,NA
COL,South America,Colombia,2022-12-03,6314107,141881,121720.006,2735.107,0.11,NA,NA,NA,NA,NA,NA,NA,NA,NA,NA,NA,NA,NA,89627825,42886655,36848923,14464311,172.78,82.67,71.04,27.88,NA,44.223,32.2,7.646,4.312,13254.949,4.5,124.24,7.44,4.7,13.5,65.386,1.71,77.29,0.767,51874028,NA,NA,NA,NA
COM,Africa,Comoros,2022-12-03,8965,161,10713.65,192.404,0.25,NA,NA,NA,NA,NA,NA,NA,NA,NA,NA,NA,NA,NA,NA,NA,NA,NA,NA,NA,NA,NA,NA,437.352,20.4,2.963,1.726,1413.89,18.1,261.516,11.88,4.4,23.6,15.574,2.2,64.32,0.554,836783,NA,NA,NA,NA
COG,Africa,Congo,2022-12-03,25375,386,4250.113,64.652,0.19,NA,NA,NA,NA,NA,NA,NA,NA,NA,NA,NA,NA,NA,NA,NA,NA,NA,NA,NA,NA,NA,13.89,15.405,19,3.402,2.063,4881.406,37,344.094,7.2,1.7,52.3,47.964,NA,64.57,0.574,5970430,NA,NA,NA,NA
COK,Oceania,Cook Islands,2022-12-03,6389,1,375117.426,58.713,NA,NA,NA,NA,NA,NA,NA,NA,NA,NA,NA,NA,NA,NA,NA,NA,NA,NA,NA,NA,NA,NA,NA,NA,NA,NA,NA,NA,NA,NA,NA,NA,NA,NA,NA,76.25,NA,17032,NA,NA,NA,NA
CRI,North America,Costa Rica,2022-12-03,1148914,9046,221762.279,1746.05,0.41,NA,NA,NA,NA,NA,NA,NA,NA,NA,NA,NA,NA,NA,NA,NA,NA,NA,NA,NA,NA,NA,NA,96.079,33.6,9.468,5.694,15524.995,1.3,137.973,8.78,6.4,17.4,83.841,1.13,80.28,0.81,5180836,NA,NA,NA,NA
CIV,Africa,Cote d'Ivoire,2022-12-03,87887,830,3120.926,29.474,0.46,NA,NA,NA,NA,NA,NA,NA,NA,NA,NA,NA,NA,NA,21695732,12340126,10429385,2031641,77.04,43.82,37.04,7.21,NA,76.399,18.7,2.933,1.582,3601.006,28.2,303.74,2.42,NA,NA,19.351,NA,57.78,0.538,28160548,NA,NA,NA,NA
HRV,Europe,Croatia,2022-12-03,1254644,17339,311298.169,4302.096,1.17,NA,NA,NA,NA,NA,NA,NA,NA,NA,NA,NA,NA,NA,5346805,2320302,2250187,NA,132.66,57.57,55.83,NA,11.11,73.726,44,19.724,13.053,22669.797,0.7,253.782,5.59,34.3,39.9,NA,5.54,78.49,0.851,4030361,NA,NA,NA,NA
CUB,North America,Cuba,2022-12-03,1111421,8530,99126.059,760.779,1.36,NA,NA,NA,NA,NA,NA,NA,NA,NA,NA,NA,NA,NA,42554119,10715520,10001771,8655589,379.53,95.57,89.2,77.2,NA,110.408,43.1,14.738,9.719,NA,NA,190.968,8.27,17.1,53.3,85.198,5.2,78.8,0.783,11212198,NA,NA,NA,NA
CUW,North America,Curacao,2022-12-03,45986,295,240546.521,1543.105,NA,NA,NA,NA,NA,NA,NA,NA,NA,NA,NA,NA,NA,NA,NA,NA,NA,NA,NA,NA,NA,NA,NA,362.644,41.7,16.367,10.068,NA,NA,NA,11.62,NA,NA,NA,NA,78.88,NA,191173,NA,NA,NA,NA
CYP,Europe,Cyprus,2022-12-03,618248,1237,690003.538,1380.57,0.21,1,1.116,74,82.589,NA,NA,NA,NA,NA,NA,NA,NA,NA,NA,NA,NA,NA,NA,NA,NA,NA,NA,127.657,37.3,13.416,8.563,32415.132,NA,141.171,9.24,19.6,52.7,NA,3.4,80.98,0.887,896007,NA,NA,NA,NA
CZE,Europe,Czechia,2022-12-03,4561031,41901,434632.68,3992.857,0.79,39,3.716,568,54.126,37,3.526,683,65.085,NA,NA,NA,NA,NA,18549947,6975805,6891408,5094059,176.77,66.47,65.67,48.54,11.11,137.176,43.3,19.027,11.58,32605.906,NA,227.485,6.82,30.5,38.3,NA,6.63,79.38,0.9,10493990,NA,NA,NA,NA
COD,Africa,Democratic Republic of Congo,2022-12-03,94204,1455,951.457,14.695,0.21,NA,NA,NA,NA,NA,NA,NA,NA,NA,NA,NA,NA,NA,NA,NA,NA,NA,NA,NA,NA,NA,25,35.879,17,3.02,1.745,808.133,77.1,318.949,6.1,NA,NA,4.472,NA,60.68,0.48,99010216,NA,NA,NA,NA
DNK,Europe,Denmark,2022-12-03,3355938,7541,570518.571,1281.99,1.24,8,1.36,325,55.251,NA,NA,379,64.431,NA,NA,NA,NA,NA,13185780,4802680,4767219,3662074,224.16,81.65,81.04,62.26,NA,136.52,42.3,19.677,12.325,46682.515,0.2,114.767,6.41,19.3,18.8,NA,2.5,80.9,0.94,5882259,NA,NA,NA,NA
DJI,Africa,Djibouti,2022-12-03,15690,189,13998.292,168.622,-0,NA,NA,NA,NA,NA,NA,NA,NA,NA,NA,NA,NA,NA,319920,299297,278929,NA,28.54,26.7,24.89,NA,2.78,41.285,25.4,4.213,2.38,2705.406,22.5,258.037,6.05,1.7,24.5,NA,1.4,67.11,0.524,1120851,NA,NA,NA,NA
DMA,North America,Dominica,2022-12-03,15760,74,216608.483,1017.07,0,NA,NA,NA,NA,NA,NA,NA,NA,NA,NA,NA,NA,NA,NA,NA,NA,NA,NA,NA,NA,NA,24.07,98.567,NA,NA,NA,9673.367,NA,227.376,11.62,NA,NA,NA,3.8,75,0.742,72758,NA,NA,NA,NA
DOM,North America,Dominican Republic,2022-12-03,650990,4384,57974.92,390.424,0.99,NA,NA,NA,NA,NA,NA,NA,NA,NA,NA,NA,NA,NA,16138558,7297000,6066331,2502556,143.72,64.98,54.02,22.29,NA,222.873,27.6,6.981,4.419,14600.861,1.6,266.653,8.2,8.5,19.1,55.182,1.6,74.08,0.756,11228821,NA,NA,NA,NA
ECU,South America,Ecuador,2022-12-03,1011132,35940,56170.873,1996.556,0.46,NA,NA,NA,NA,NA,NA,NA,NA,NA,NA,NA,NA,NA,39035363,15303829,14197716,10099008,216.85,85.02,78.87,56.1,11.11,66.939,28.1,7.104,4.458,10581.936,3.6,140.448,5.55,2,12.3,80.635,1.5,77.01,0.759,18001002,NA,NA,NA,NA
EGY,Africa,Egypt,2022-12-03,515645,24798,4645.865,223.425,-0,NA,NA,NA,NA,NA,NA,NA,NA,NA,NA,NA,NA,NA,100740657,53646548,40028636,9784616,90.77,48.33,36.07,8.82,NA,97.999,25.3,5.159,2.891,10550.206,1.3,525.432,17.31,0.2,50.1,89.827,1.6,71.99,0.707,110990096,NA,NA,NA,NA
SLV,North America,El Salvador,2022-12-03,201785,4230,31845.405,667.572,-0,NA,NA,NA,NA,NA,NA,NA,NA,NA,NA,NA,NA,NA,NA,NA,NA,NA,NA,NA,NA,NA,26.85,307.811,27.6,8.273,5.417,7292.458,2.2,167.295,8.87,2.5,18.8,90.65,1.3,73.32,0.673,6336393,NA,NA,NA,NA
OWID_ENG,Europe,England,2022-11-30,NA,NA,NA,NA,NA,128,2.263,4964,87.781,NA,NA,3682,65.111,NA,NA,NA,NA,NA,143361587,45359957,42855736,62395224,253.51,80.21,75.78,110.34,NA,NA,NA,NA,NA,NA,NA,NA,NA,NA,NA,NA,NA,NA,NA,56550000,NA,NA,NA,NA
GNQ,Africa,Equatorial Guinea,2022-12-03,17183,183,10259.022,109.259,0.3,NA,NA,NA,NA,NA,NA,NA,NA,NA,NA,NA,NA,NA,NA,NA,NA,NA,NA,NA,NA,NA,NA,45.194,22.4,2.846,1.752,22604.873,NA,202.812,7.78,NA,NA,24.64,2.1,58.74,0.592,1674916,NA,NA,NA,NA
ERI,Africa,Eritrea,2022-12-03,10189,103,2765.713,27.958,0.15,NA,NA,NA,NA,NA,NA,NA,NA,NA,NA,NA,NA,NA,NA,NA,NA,NA,NA,NA,NA,NA,NA,44.304,19.3,3.607,2.171,1510.459,NA,311.11,6.05,0.2,11.4,NA,0.7,66.32,0.459,3684041,NA,NA,NA,NA
EST,Europe,Estonia,2022-12-03,609297,2790,459477.823,2103.971,1.21,2,1.508,171,128.953,4,3.007,NA,NA,NA,NA,NA,NA,NA,2092520,868225,847771,581901,157.8,65.47,63.93,43.88,11.11,31.033,42.7,19.452,13.491,29481.252,0.5,255.569,4.02,24.5,39.3,NA,4.69,78.74,0.892,1326064,NA,NA,NA,NA
SWZ,Africa,Eswatini,2022-12-03,73770,1422,61389.055,1183.343,0.17,NA,NA,NA,NA,NA,NA,NA,NA,NA,NA,NA,NA,NA,NA,NA,NA,NA,NA,NA,NA,NA,5.56,79.492,21.5,3.163,1.845,7738.975,NA,333.436,3.94,1.7,16.5,24.097,2.1,60.19,0.611,1201680,NA,NA,NA,NA
ETH,Africa,Ethiopia,2022-12-03,494726,7572,4009.777,61.371,1.33,NA,NA,NA,NA,NA,NA,NA,NA,NA,NA,NA,NA,NA,NA,NA,NA,NA,NA,NA,NA,NA,NA,104.957,19.8,3.526,2.063,1729.927,26.7,182.634,7.47,0.4,8.5,7.96,0.3,66.6,0.485,123379928,NA,NA,NA,NA
OWID_EUR,NA,Europe,2022-12-03,241039462,1983380,323626.392,2662.942,NA,NA,NA,NA,NA,NA,NA,NA,NA,NA,NA,NA,NA,NA,1353331501,521289575,498064526,349446092,181.7,69.99,66.87,46.92,NA,NA,NA,NA,NA,NA,NA,NA,NA,NA,NA,NA,NA,NA,NA,744807803,NA,NA,NA,NA
OWID_EUN,NA,European Union,2022-12-03,178200005,1177051,395870.875,2614.816,NA,NA,NA,NA,NA,NA,NA,NA,NA,NA,NA,NA,NA,NA,920258782,337974617,328073758,273006284,204.44,75.08,72.88,60.65,NA,NA,NA,NA,NA,NA,NA,NA,NA,NA,NA,NA,NA,NA,NA,450146793,NA,NA,NA,NA
FRO,Europe,Faeroe Islands,2022-12-03,34658,28,652484.139,527.138,NA,NA,NA,NA,NA,NA,NA,NA,NA,NA,NA,NA,NA,NA,NA,NA,NA,NA,NA,NA,NA,NA,11.11,35.308,NA,NA,NA,NA,NA,NA,NA,NA,NA,NA,NA,80.67,NA,53117,NA,NA,NA,NA
FLK,South America,Falkland Islands,2022-12-03,1930,NA,507761.115,NA,NA,NA,NA,NA,NA,NA,NA,NA,NA,NA,NA,NA,NA,NA,NA,NA,NA,NA,NA,NA,NA,NA,NA,NA,NA,NA,NA,NA,NA,NA,NA,NA,NA,NA,NA,81.44,NA,3801,NA,NA,NA,NA
FJI,Oceania,Fiji,2022-12-03,68451,878,73621.512,944.321,0.31,NA,NA,NA,NA,NA,NA,NA,NA,NA,NA,NA,NA,NA,1548432,711256,639933,169174,166.54,76.5,68.83,18.2,29.21,49.562,28.6,6.224,3.284,8702.975,1.4,412.82,14.49,10.2,34.8,NA,2.3,67.44,0.743,929769,NA,NA,NA,NA
FIN,Europe,Finland,2022-12-03,1405255,7448,253622.031,1344.224,1.3,17,3.068,930,167.847,NA,NA,NA,NA,NA,NA,NA,NA,NA,13072863,4523315,4345880,4158734,235.94,81.64,78.43,75.06,NA,18.136,42.8,21.228,13.264,40585.721,NA,153.507,5.76,18.3,22.6,NA,3.28,81.91,0.938,5540745,NA,NA,NA,NA
FRA,Europe,France,2022-12-03,38014872,159162,560583.841,2347.072,1.37,1113,16.413,19865,292.938,656,9.674,7357,108.49,NA,NA,NA,NA,NA,151861290,54610278,53112013,45220703,223.94,80.53,78.32,66.68,11.11,122.578,42,19.718,13.079,38605.671,NA,86.06,4.77,30.1,35.6,NA,5.98,82.66,0.901,67813000,NA,NA,NA,NA
PYF,Oceania,French Polynesia,2022-12-03,77137,649,251841.38,2118.893,NA,NA,NA,NA,NA,NA,NA,NA,NA,NA,NA,NA,NA,NA,497169,190765,186059,112237,162.32,62.28,60.75,36.64,NA,77.324,32.7,7.775,4.593,NA,NA,NA,22.63,NA,NA,NA,NA,77.66,NA,306292,NA,NA,NA,NA
GAB,Africa,Gabon,2022-12-03,48973,306,20499.398,128.087,0.13,NA,NA,NA,NA,NA,NA,NA,NA,NA,NA,NA,NA,NA,NA,NA,NA,NA,NA,NA,NA,NA,11.11,7.859,23.1,4.45,2.976,16562.413,3.4,259.967,7.2,NA,NA,NA,6.3,66.47,0.703,2388997,NA,NA,NA,NA
GMB,Africa,Gambia,2022-12-03,12586,372,4651.154,137.473,0.01,NA,NA,NA,NA,NA,NA,NA,NA,NA,NA,NA,NA,NA,NA,NA,NA,NA,NA,NA,NA,NA,NA,207.566,17.5,2.339,1.417,1561.767,10.1,331.43,1.91,0.7,31.2,7.876,1.1,62.05,0.496,2705995,NA,NA,NA,NA
GEO,Asia,Georgia,2022-12-03,1806918,16882,482567.364,4508.618,-0,NA,NA,NA,NA,NA,NA,NA,NA,NA,NA,NA,NA,NA,NA,NA,NA,NA,NA,NA,NA,NA,5.56,65.032,38.7,14.864,10.244,9745.079,4.2,496.218,7.11,5.3,55.5,NA,2.6,73.77,0.812,3744385,NA,NA,NA,NA
DEU,Europe,Germany,2022-12-03,36557861,158198,438502.233,1897.545,1.06,926,11.107,NA,NA,821,9.848,6344,76.095,NA,NA,NA,NA,NA,189742888,64823008,63509201,63704788,227.59,77.75,76.18,76.41,14.81,237.016,46.6,21.453,15.957,45229.245,NA,156.139,8.31,28.2,33.1,NA,8,81.33,0.947,83369840,NA,NA,NA,NA
GHA,Africa,Ghana,2022-12-03,171018,1461,5108.695,43.643,0.59,NA,NA,NA,NA,NA,NA,NA,NA,NA,NA,NA,NA,NA,NA,NA,NA,NA,NA,NA,NA,NA,33.56,126.719,21.1,3.385,1.948,4227.63,12,298.245,4.97,0.3,7.7,41.047,0.9,64.07,0.611,33475870,NA,NA,NA,NA
GIB,Europe,Gibraltar,2022-12-03,20207,110,618386.021,3366.282,NA,NA,NA,NA,NA,NA,NA,NA,NA,NA,NA,NA,NA,NA,NA,NA,NA,NA,NA,NA,NA,NA,NA,3457.1,NA,NA,NA,NA,NA,NA,NA,NA,NA,NA,NA,79.93,NA,32677,NA,NA,NA,NA
GRC,Europe,Greece,2022-12-03,5404690,34309,520433.758,3303.716,1.33,NA,NA,NA,NA,28,2.716,1252,120.521,NA,NA,NA,NA,NA,21909250,7931544,7641893,6914051,210.97,76.38,73.59,66.58,14.81,83.479,45.3,20.396,14.524,24574.382,1.5,175.695,4.55,35.3,52,NA,4.21,82.24,0.888,10384972,NA,NA,NA,NA
GRL,North America,Greenland,2022-12-03,11971,21,211898.609,371.721,NA,NA,NA,NA,NA,NA,NA,NA,NA,NA,NA,NA,NA,NA,NA,NA,NA,NA,NA,NA,NA,NA,11.11,0.137,NA,NA,NA,NA,NA,199.941,2.16,NA,NA,NA,NA,71.7,NA,56494,NA,NA,NA,NA
GRD,North America,Grenada,2022-12-03,19631,237,156473.43,1889.063,0.16,NA,NA,NA,NA,NA,NA,NA,NA,NA,NA,NA,NA,NA,NA,NA,NA,NA,NA,NA,NA,NA,NA,317.132,29.4,7.304,5.021,13593.877,NA,243.964,10.71,NA,NA,NA,3.7,72.4,0.779,125459,NA,NA,NA,NA
GTM,North America,Guatemala,2022-12-03,1159705,19954,64991.627,1118.252,1.3,NA,NA,NA,NA,NA,NA,NA,NA,NA,NA,NA,NA,NA,19948076,8853795,7024089,4070192,111.79,49.62,39.36,22.81,36.57,157.834,22.9,4.694,3.016,7423.808,8.7,155.898,10.18,NA,NA,76.665,0.6,74.3,0.663,17843914,NA,NA,NA,NA
GGY,Europe,Guernsey,2022-11-28,NA,NA,NA,NA,NA,NA,NA,NA,NA,NA,NA,NA,NA,NA,NA,NA,NA,NA,176358,54222,52685,67289,278.48,85.62,83.19,106.25,NA,NA,NA,NA,NA,NA,NA,NA,NA,NA,NA,NA,NA,NA,NA,63329,NA,NA,NA,NA
GIN,Africa,Guinea,2022-12-03,38153,464,2752.871,33.479,0.27,NA,NA,NA,NA,NA,NA,NA,NA,NA,NA,NA,NA,NA,NA,NA,NA,NA,NA,NA,NA,NA,2.78,51.755,19,3.135,1.733,1998.926,35.3,336.717,2.42,NA,NA,17.45,0.3,61.6,0.477,13859349,NA,NA,NA,NA
GNB,Africa,Guinea-Bissau,2022-12-03,8848,176,4202.168,83.587,0,NA,NA,NA,NA,NA,NA,NA,NA,NA,NA,NA,NA,NA,NA,NA,NA,NA,NA,NA,NA,NA,NA,66.191,19.4,3.002,1.565,1548.675,67.1,382.474,2.42,NA,NA,6.403,NA,58.32,0.48,2105580,NA,NA,NA,NA
GUY,South America,Guyana,2022-12-03,71642,1285,88586.136,1588.917,1.4,NA,NA,NA,NA,NA,NA,NA,NA,NA,NA,NA,NA,NA,953690,NA,380118,NA,117.92,NA,47,NA,18.52,3.952,26.3,5.305,2.837,7435.047,NA,373.159,11.62,NA,NA,77.159,1.6,69.91,0.682,808727,NA,NA,NA,NA
HTI,North America,Haiti,2022-12-03,33862,860,2922.917,74.234,0.12,NA,NA,NA,NA,NA,NA,NA,NA,NA,NA,NA,NA,NA,510611,398517,237406,NA,4.41,3.44,2.05,NA,31.48,398.448,24.3,4.8,2.954,1653.173,23.5,430.548,6.65,2.9,23.1,22.863,0.7,64,0.51,11585003,NA,NA,NA,NA
OWID_HIC,NA,High income,2022-12-03,405136735,2746444,323976.014,2196.251,NA,NA,NA,NA,NA,NA,NA,NA,NA,NA,NA,NA,NA,NA,2728705730,995109083,932392900,783359524,218.21,79.58,74.56,62.64,NA,NA,NA,NA,NA,NA,NA,NA,NA,NA,NA,NA,NA,NA,NA,1250514600,NA,NA,NA,NA
HND,North America,Honduras,2022-12-03,458921,11051,43988.042,1059.25,0.5,NA,NA,NA,NA,NA,NA,NA,NA,NA,NA,NA,NA,NA,16591876,6420766,5726005,4445480,159.03,61.54,54.88,42.61,23.15,82.805,24.9,4.652,2.883,4541.795,16,240.208,7.21,2,NA,84.169,0.7,75.27,0.634,10432858,NA,NA,NA,NA
HKG,Asia,Hong Kong,2022-12-03,2148489,10790,286891.214,1440.806,NA,NA,NA,NA,NA,NA,NA,NA,NA,NA,NA,NA,NA,NA,19965995,6899337,6764690,6301968,266.61,92.13,90.33,84.15,42.3,7039.714,44.8,16.303,10.158,56054.92,NA,NA,8.33,NA,NA,NA,NA,84.86,0.949,7488863,NA,NA,NA,NA
HUN,Europe,Hungary,2022-12-03,2166352,48287,217345.834,4844.54,0.99,NA,NA,NA,NA,NA,NA,NA,NA,NA,NA,NA,NA,NA,NA,6420202,6206565,4295236,NA,64.41,62.27,43.09,NA,108.043,43.4,18.577,11.976,26777.561,0.5,278.296,7.55,26.8,34.8,NA,7.02,76.88,0.854,9967304,NA,NA,NA,NA
ISL,Europe,Iceland,2022-12-03,207101,219,555374.99,587.284,-0.04,NA,NA,NA,NA,NA,NA,NA,NA,NA,NA,NA,NA,NA,NA,NA,NA,NA,NA,NA,NA,NA,11.11,3.404,37.3,14.431,9.207,46482.958,0.2,117.992,5.31,14.3,15.2,NA,2.91,82.99,0.949,372903,NA,NA,NA,NA
IND,Asia,India,2022-12-03,44674616,530628,31523.753,374.427,0.71,NA,NA,NA,NA,NA,NA,NA,NA,NA,NA,NA,NA,NA,2199308269,1027054462,950797037,221456770,155.19,72.47,67.09,15.63,34.26,450.419,28.2,5.989,3.414,6426.674,21.2,282.28,10.39,1.9,20.6,59.55,0.53,69.66,0.645,1417173120,NA,NA,NA,NA
IDN,Asia,Indonesia,2022-12-03,6677655,159953,24238.194,580.589,0.88,NA,NA,NA,NA,NA,NA,NA,NA,NA,NA,NA,NA,NA,444460131,203715848,174119714,66624569,161.33,73.94,63.2,24.18,32.18,145.725,29.3,5.319,3.053,11188.744,5.7,342.864,6.32,2.8,76.1,64.204,1.04,71.72,0.718,275501344,NA,NA,NA,NA
OWID_INT,NA,International,2022-12-03,721,15,NA,NA,NA,NA,NA,NA,NA,NA,NA,NA,NA,NA,NA,NA,NA,NA,NA,NA,NA,NA,NA,NA,NA,NA,NA,NA,NA,NA,NA,NA,NA,NA,NA,NA,NA,NA,NA,NA,NA,NA,NA,NA,NA,NA
IRN,Asia,Iran,2022-12-03,7559799,144637,85372.677,1633.383,0.83,NA,NA,NA,NA,NA,NA,NA,NA,NA,NA,NA,NA,NA,154729353,65103298,58502096,31123959,174.74,73.52,66.07,35.15,53.94,49.831,32.4,5.44,3.182,19082.62,0.2,270.308,9.59,0.8,21.1,NA,1.5,76.68,0.783,88550568,NA,NA,NA,NA
IRQ,Asia,Iraq,2022-12-03,2463724,25364,55369.407,570.027,0.76,NA,NA,NA,NA,NA,NA,NA,NA,NA,NA,NA,NA,NA,NA,NA,NA,NA,NA,NA,NA,NA,41.38,88.125,20,3.186,1.957,15663.986,2.5,218.612,8.83,NA,NA,94.576,1.4,70.6,0.674,44496124,NA,NA,NA,NA
IRL,Europe,Ireland,2022-12-03,1680548,8197,334563.382,1631.858,1.33,11,2.19,342,68.085,NA,NA,345,68.713,NA,NA,NA,NA,NA,11081526,4103340,4055859,3163396,220.61,81.69,80.74,62.98,NA,69.874,38.7,13.928,8.678,67335.293,0.2,126.459,3.28,23,25.7,NA,2.96,82.3,0.955,5023108,NA,NA,NA,NA
IMN,Europe,Isle of Man,2022-12-03,38008,116,449617.905,1372.229,NA,NA,NA,NA,NA,NA,NA,NA,NA,NA,NA,NA,NA,NA,NA,NA,NA,NA,NA,NA,NA,NA,NA,147.872,NA,NA,NA,NA,NA,NA,NA,NA,NA,NA,NA,81.4,NA,84534,NA,NA,NA,NA
ISR,Asia,Israel,2022-12-03,4725997,11866,500158.429,1255.794,1.33,45,4.762,580,61.382,26,2.752,454,48.047,NA,NA,NA,NA,NA,18295541,6721491,6157895,5416155,193.62,71.13,65.17,57.32,14.81,402.606,30.6,11.733,7.359,33132.32,0.5,93.32,6.74,15.4,35.4,NA,2.99,82.97,0.919,9449000,NA,NA,NA,NA
ITA,Europe,Italy,2022-12-03,24488080,181733,414788.763,3078.265,0.58,320,5.42,8778,148.685,279,4.726,3746,63.451,NA,NA,NA,NA,NA,142867170,50859104,47973287,45543096,241.99,86.15,81.26,77.14,NA,205.859,47.9,23.021,16.24,35220.084,2,113.151,4.78,19.8,27.8,NA,3.18,83.51,0.892,59037472,NA,NA,NA,NA
JAM,North America,Jamaica,2022-12-03,152517,3399,53942.835,1202.172,0.1,NA,NA,NA,NA,NA,NA,NA,NA,NA,NA,NA,NA,NA,NA,NA,NA,NA,NA,NA,NA,NA,16.67,266.879,31.4,9.684,6.39,8193.571,NA,206.537,11.28,5.3,28.6,66.425,1.7,74.47,0.734,2827382,NA,NA,NA,NA
JPN,Asia,Japan,2022-12-03,25153028,50201,202926.05,405.005,1.1,1043,8.415,25636,206.823,NA,NA,NA,NA,NA,NA,NA,NA,NA,350831096,104409189,103001366,143420541,283.04,84.23,83.1,115.71,31.48,347.778,48.2,27.049,18.493,39002.223,NA,79.37,5.72,11.2,33.7,NA,13.05,84.63,0.919,123951696,NA,NA,NA,NA
JEY,Europe,Jersey,2022-11-27,NA,NA,NA,NA,NA,NA,NA,NA,NA,NA,NA,NA,NA,NA,NA,NA,NA,NA,264032,84294,81765,73530,238.3,76.08,73.8,66.37,NA,NA,NA,NA,NA,NA,NA,NA,NA,NA,NA,NA,NA,NA,NA,110796,NA,NA,NA,NA
JOR,Asia,Jordan,2022-12-03,1746997,14122,154794.998,1251.299,-0,NA,NA,NA,NA,NA,NA,NA,NA,NA,NA,NA,NA,NA,NA,NA,NA,NA,NA,NA,NA,NA,NA,109.285,23.2,3.81,2.361,8337.49,0.1,208.257,11.75,NA,NA,NA,1.4,74.53,0.729,11285875,NA,NA,NA,NA
KAZ,Asia,Kazakhstan,2022-12-03,1487167,19053,76666.004,982.215,0.06,NA,NA,NA,NA,NA,NA,NA,NA,NA,NA,NA,NA,NA,NA,10847465,10612298,NA,NA,55.92,54.71,NA,NA,6.681,30.6,6.991,4.625,24055.588,0.1,466.792,7.11,7,43.1,98.999,6.7,73.6,0.825,19397998,NA,NA,NA,NA
KEN,Africa,Kenya,2022-12-03,341886,5684,6328.002,105.206,0.77,NA,NA,NA,NA,NA,NA,NA,NA,NA,NA,NA,NA,NA,22763869,14093092,10705713,1638279,42.13,26.09,19.82,3.03,26.5,87.324,20,2.686,1.528,2993.028,36.8,218.637,2.92,1.2,20.4,24.651,1.4,66.7,0.601,54027484,NA,NA,NA,NA
KIR,Oceania,Kiribati,2022-12-03,3430,13,26135.922,99.057,0,NA,NA,NA,NA,NA,NA,NA,NA,NA,NA,NA,NA,NA,193491,96184,73888,23419,147.44,73.29,56.3,17.84,NA,143.701,23.2,3.895,2.21,1981.132,NA,434.657,22.66,35.9,58.9,NA,1.9,68.37,0.63,131237,NA,NA,NA,NA
OWID_KOS,Europe,Kosovo,2022-12-03,272213,3202,152747.157,1796.742,0.58,NA,NA,NA,NA,NA,NA,NA,NA,NA,NA,NA,NA,NA,1836875,906559,824933,105383,103.07,50.87,46.29,5.91,NA,168.155,NA,NA,NA,9795.834,0.6,NA,NA,NA,NA,NA,NA,NA,NA,1782115,NA,NA,NA,NA
KWT,Asia,Kuwait,2022-12-03,662747,2570,155250.574,602.031,0.63,NA,NA,NA,NA,NA,NA,NA,NA,NA,NA,NA,NA,NA,8250357,3453545,3342147,1454665,193.27,80.9,78.29,34.08,11.11,232.128,33.7,2.345,1.114,65530.537,NA,132.235,15.84,2.7,37,NA,2,75.49,0.806,4268886,NA,NA,NA,NA
KGZ,Asia,Kyrgyzstan,2022-12-03,206530,2991,31147.912,451.089,0.81,NA,NA,NA,NA,NA,NA,NA,NA,NA,NA,NA,NA,NA,3337436,1628940,1355746,NA,50.33,24.57,20.45,NA,NA,32.333,26.3,4.489,2.882,3393.474,1.4,436.362,7.11,3.6,50.5,89.22,4.5,71.45,0.697,6630621,NA,NA,NA,NA
LAO,Asia,Laos,2022-12-03,216824,758,28796.688,100.671,1.42,NA,NA,NA,NA,NA,NA,NA,NA,NA,NA,NA,NA,NA,NA,NA,NA,NA,NA,NA,NA,NA,36.95,29.715,24.4,4.029,2.322,6397.36,22.7,368.111,4,7.3,51.2,49.839,1.5,67.92,0.613,7529477,NA,NA,NA,NA
LVA,Europe,Latvia,2022-12-03,964959,6102,521415.132,3297.213,1.06,6,3.242,NA,NA,5,2.641,192,103.527,NA,NA,NA,NA,NA,NA,NA,NA,NA,NA,NA,NA,NA,NA,31.212,43.9,19.754,14.136,25063.846,0.7,350.06,4.91,25.6,51,NA,5.57,75.29,0.866,1850654,NA,NA,NA,NA
LBN,Asia,Lebanon,2022-12-03,1220714,10739,222362.646,1956.193,0.92,NA,NA,NA,NA,NA,NA,NA,NA,NA,NA,NA,NA,NA,5809032,2738210,2412315,658507,105.82,49.88,43.94,12,13.89,594.561,31.1,8.514,5.43,13367.565,NA,266.591,12.71,26.9,40.7,NA,2.9,78.93,0.744,5489744,NA,NA,NA,NA
LSO,Africa,Lesotho,2022-12-03,34490,706,14957.764,306.181,0,NA,NA,NA,NA,NA,NA,NA,NA,NA,NA,NA,NA,NA,1237581,995466,923641,126059,53.67,43.17,40.06,5.47,11.11,73.562,22.2,4.506,2.647,2851.153,59.6,405.126,3.94,0.4,53.9,2.117,NA,54.33,0.527,2305826,NA,NA,NA,NA
LBR,Africa,Liberia,2022-12-03,8022,294,1512.817,55.444,0.07,NA,NA,NA,NA,NA,NA,NA,NA,NA,NA,NA,NA,NA,NA,NA,NA,NA,NA,NA,NA,NA,30,49.127,19.2,3.057,1.756,752.788,38.6,272.509,2.42,1.5,18.1,1.188,0.8,64.1,0.48,5302690,NA,NA,NA,NA
LBY,Africa,Libya,2022-12-03,507084,6437,74436.053,944.902,0.08,NA,NA,NA,NA,NA,NA,NA,NA,NA,NA,NA,NA,NA,NA,NA,NA,NA,NA,NA,NA,NA,13.89,3.623,29,4.424,2.816,17881.509,NA,341.862,10.43,NA,NA,NA,3.7,72.91,0.724,6812344,NA,NA,NA,NA
LIE,Europe,Liechtenstein,2022-12-03,20984,87,533197.815,2210.647,1.09,NA,NA,NA,NA,NA,NA,1,25.605,NA,NA,NA,NA,NA,73802,26764,26457,21633,187.53,68.01,67.23,54.97,11.11,237.012,NA,NA,NA,NA,NA,NA,7.77,NA,NA,NA,2.397,82.49,0.919,39355,NA,NA,NA,NA
LTU,Europe,Lithuania,2022-12-03,1277475,9435,464526.566,3430.837,1.34,NA,NA,77,27.999,NA,NA,NA,NA,NA,NA,NA,NA,NA,4533830,1956188,1879671,942794,164.86,71.13,68.35,34.28,11.11,45.135,43.5,19.002,13.778,29524.265,0.7,342.989,3.67,21.3,38,NA,6.56,75.93,0.882,2750058,NA,NA,NA,NA
OWID_LIC,NA,Low income,2022-12-03,2258597,47730,3062.069,64.709,NA,NA,NA,NA,NA,NA,NA,NA,NA,NA,NA,NA,NA,NA,233985567,181319209,147511756,11753055,31.72,24.58,20,1.59,NA,NA,NA,NA,NA,NA,NA,NA,NA,NA,NA,NA,NA,NA,NA,737604900,NA,NA,NA,NA
OWID_LMC,NA,Lower middle income,2022-12-03,96817315,1342039,28209.374,391.026,NA,NA,NA,NA,NA,NA,NA,NA,NA,NA,NA,NA,NA,NA,4708539139,2188228103,1961719709,607888590,137.19,63.76,57.16,17.71,NA,NA,NA,NA,NA,NA,NA,NA,NA,NA,NA,NA,NA,NA,NA,3432097300,NA,NA,NA,NA
LUX,Europe,Luxembourg,2022-12-03,307290,1165,474505.135,1798.947,1.06,1,1.544,24,37.06,4,6.302,20,31.509,NA,NA,NA,NA,NA,1366421,481858,NA,451235,211,74.41,NA,69.68,11.11,231.447,39.7,14.312,9.842,94277.965,0.2,128.275,4.42,20.9,26,NA,4.51,82.25,0.916,647601,NA,NA,NA,NA
MAC,Asia,Macao,2022-12-03,810,6,1165.166,8.631,NA,NA,NA,NA,NA,NA,NA,NA,NA,NA,NA,NA,NA,NA,1663581,652674,627712,385834,239.3,93.89,90.29,55.5,39.81,20546.766,39.2,9.798,4.991,104861.851,NA,NA,NA,NA,NA,NA,NA,84.24,NA,695180,NA,NA,NA,NA
MDG,Africa,Madagascar,2022-12-03,67259,1412,2271.364,47.684,0.1,NA,NA,NA,NA,NA,NA,NA,NA,NA,NA,NA,NA,NA,2193427,1885035,1811655,96121,7.41,6.37,6.12,0.32,NA,43.951,19.6,2.929,1.686,1416.44,77.6,405.994,3.94,NA,NA,50.54,0.2,67.04,0.528,29611718,NA,NA,NA,NA
MWI,Africa,Malawi,2022-12-03,88086,2685,4316.816,131.583,0.18,NA,NA,NA,NA,NA,NA,NA,NA,NA,NA,NA,NA,NA,NA,NA,NA,NA,NA,NA,NA,NA,40.74,197.519,18.1,2.979,1.783,1095.042,71.4,227.349,3.94,4.4,24.7,8.704,1.3,64.26,0.483,20405318,NA,NA,NA,NA
MYS,Asia,Malaysia,2022-12-03,4998830,36710,147292.067,1081.671,0.86,102,3.005,1340,39.484,NA,NA,2790,82.208,NA,NA,NA,NA,NA,72282583,28115718,27526549,16858423,212.98,82.84,81.11,49.67,24.07,96.254,29.9,6.293,3.407,26808.164,0.1,260.942,16.74,1,42.4,NA,1.9,76.16,0.81,33938216,NA,NA,NA,NA
MDV,Asia,Maldives,2022-12-03,185618,311,354369.432,593.74,0.92,NA,NA,NA,NA,NA,NA,NA,NA,NA,NA,NA,NA,NA,951398,399146,385076,167176,181.63,76.2,73.52,31.92,NA,1454.433,30.6,4.12,2.875,15183.616,NA,164.905,9.19,2.1,55,95.803,NA,78.92,0.74,523798,NA,NA,NA,NA
MLI,Africa,Mali,2022-12-03,32760,742,1449.968,32.841,0.96,NA,NA,NA,NA,NA,NA,NA,NA,NA,NA,NA,NA,NA,3836862,2788248,2253077,NA,16.98,12.34,9.97,NA,NA,15.196,16.4,2.519,1.486,2014.306,NA,268.024,2.42,1.6,23,52.232,0.1,59.31,0.434,22593598,NA,NA,NA,NA
MLT,Europe,Malta,2022-12-03,115857,809,217248.304,1516.99,1.19,1,1.875,NA,NA,NA,NA,9,17.438,NA,NA,NA,NA,NA,1372447,478417,471219,457192,257.35,89.71,88.36,85.73,11.11,1454.037,42.4,19.426,11.324,36513.323,0.2,168.711,8.83,20.9,30.2,NA,4.485,82.53,0.895,533293,NA,NA,NA,NA
MHL,Oceania,Marshall Islands,2022-12-03,15541,17,373644.604,408.723,0.44,NA,NA,NA,NA,NA,NA,NA,NA,NA,NA,NA,NA,NA,NA,NA,NA,NA,NA,NA,NA,NA,NA,295.15,NA,NA,NA,3819.202,NA,557.793,30.53,NA,NA,82.502,2.7,73.7,0.704,41593,NA,NA,NA,NA
MRT,Africa,Mauritania,2022-12-03,63421,997,13390.846,210.509,0.24,NA,NA,NA,NA,NA,NA,NA,NA,NA,NA,NA,NA,NA,3459268,2055002,1493749,365327,73.04,43.39,31.54,7.71,8.33,4.289,20.3,3.138,1.792,3597.633,6,232.347,2.42,NA,NA,15.95,NA,64.92,0.546,4736146,NA,NA,NA,NA
MUS,Africa,Mauritius,2022-12-03,276456,1035,212743.886,796.474,0.04,NA,NA,NA,NA,NA,NA,NA,NA,NA,NA,NA,NA,NA,NA,NA,NA,NA,NA,NA,NA,NA,5.56,622.962,37.4,10.945,5.884,20292.745,0.5,224.644,22.02,3.2,40.7,NA,3.4,74.99,0.804,1299478,NA,NA,NA,NA
MEX,North America,Mexico,2022-12-03,7132792,330525,55941.659,2592.269,0.48,NA,NA,NA,NA,NA,NA,NA,NA,NA,NA,NA,NA,NA,225063079,99071001,82652919,NA,176.51,77.7,64.82,NA,NA,66.444,29.3,6.857,4.321,17336.469,2.5,152.783,13.06,6.9,21.4,87.847,1.38,75.05,0.779,127504120,NA,NA,NA,NA
FSM,Oceania,Micronesia (country),2022-12-03,22203,58,194459.528,507.979,-0.02,NA,NA,NA,NA,NA,NA,NA,NA,NA,NA,NA,NA,NA,NA,NA,NA,NA,NA,NA,NA,NA,NA,150.777,23,4.81,2.392,3299.464,16,454.343,12.02,NA,NA,NA,NA,67.88,0.62,114178,NA,NA,NA,NA
MDA,Europe,Moldova,2022-12-03,595073,11918,181813.099,3641.315,1.01,NA,NA,NA,NA,NA,NA,NA,NA,NA,NA,NA,NA,NA,NA,NA,NA,NA,NA,NA,NA,NA,NA,123.655,37.6,10.864,6.955,5189.972,0.2,408.502,5.72,5.9,44.6,86.979,5.8,71.9,0.75,3272993,NA,NA,NA,NA
MCO,Europe,Monaco,2022-12-03,15540,65,425858.431,1781.261,1.41,NA,NA,NA,NA,NA,NA,NA,NA,NA,NA,NA,NA,NA,NA,NA,NA,NA,NA,NA,NA,NA,11.11,19347.5,NA,NA,NA,NA,NA,NA,5.46,NA,NA,NA,13.8,86.75,NA,36491,NA,NA,NA,NA
MNG,Asia,Mongolia,2022-12-03,993372,2135,292308.113,628.242,1.04,NA,NA,NA,NA,NA,NA,NA,NA,NA,NA,NA,NA,NA,NA,NA,NA,NA,NA,NA,NA,NA,11.11,1.98,28.6,4.031,2.421,11840.846,0.5,460.043,4.82,5.5,46.5,71.18,7,69.87,0.737,3398373,NA,NA,NA,NA
MNE,Europe,Montenegro,2022-12-03,283799,2790,452570.796,4449.179,1.08,NA,NA,NA,NA,NA,NA,NA,NA,NA,NA,NA,NA,NA,NA,NA,NA,NA,NA,NA,NA,NA,NA,46.28,39.1,14.762,9.395,16409.288,1,387.305,10.08,44,47.9,NA,3.861,76.88,0.829,627082,NA,NA,NA,NA
MSR,North America,Montserrat,2022-12-03,1403,8,317924.315,1812.826,NA,NA,NA,NA,NA,NA,NA,NA,NA,NA,NA,NA,NA,NA,NA,NA,NA,NA,NA,NA,NA,NA,NA,NA,NA,NA,NA,NA,NA,NA,NA,NA,NA,NA,NA,74.16,NA,4413,NA,NA,NA,NA
MAR,Africa,Morocco,2022-12-03,1269296,16285,33885.867,434.754,1.11,NA,NA,NA,NA,NA,NA,NA,NA,NA,NA,NA,NA,NA,55343330,25013253,23513168,6914622,147.75,66.78,62.77,18.46,NA,80.08,29.6,6.769,4.209,7485.013,1,419.146,7.14,0.8,47.1,NA,1.1,76.68,0.686,37457976,NA,NA,NA,NA
MOZ,Africa,Mozambique,2022-12-03,230624,2226,6995.067,67.517,1.36,NA,NA,NA,NA,NA,NA,NA,NA,NA,NA,NA,NA,NA,19494063,18585783,15798875,786088,59.13,56.37,47.92,2.38,17.59,37.728,17.7,3.158,1.87,1136.103,62.9,329.942,3.3,5.1,29.1,12.227,0.7,60.85,0.456,32969520,NA,NA,NA,NA
MMR,Asia,Myanmar,2022-12-03,633296,19488,11688.89,359.694,0.62,NA,NA,NA,NA,NA,NA,NA,NA,NA,NA,NA,NA,NA,NA,NA,NA,NA,NA,NA,NA,NA,NA,81.721,29.1,5.732,3.12,5591.597,6.4,202.104,4.61,6.3,35.2,79.287,0.9,67.13,0.583,54179312,NA,NA,NA,NA
NAM,Africa,Namibia,2022-12-03,169946,4080,66203.51,1589.389,0.04,NA,NA,NA,NA,NA,NA,NA,NA,NA,NA,NA,NA,NA,965768,598222,521365,101806,37.62,23.3,20.31,3.97,5.56,3.078,22,3.552,2.085,9541.808,13.4,243.811,3.94,9.7,34.2,44.6,NA,63.71,0.646,2567024,NA,NA,NA,NA
NRU,Oceania,Nauru,2022-12-03,4621,1,364116.303,78.796,0,NA,NA,NA,NA,NA,NA,NA,NA,NA,NA,NA,NA,NA,NA,NA,NA,NA,NA,NA,NA,NA,NA,682.45,NA,NA,NA,12895.635,NA,NA,24.07,43,36.9,NA,5,59.96,NA,12691,NA,NA,NA,NA
NPL,Asia,Nepal,2022-12-03,1000903,12019,32765.371,393.452,0.59,NA,NA,NA,NA,NA,NA,NA,NA,NA,NA,NA,NA,NA,59930762,27398529,23857858,8674375,196.19,89.69,78.1,28.4,21.82,204.43,25,5.809,3.212,2442.804,15,260.797,7.26,9.5,37.8,47.782,0.3,70.78,0.602,30547586,NA,NA,NA,NA
NLD,Europe,Netherlands,2022-12-03,8555592,23010,487108.988,1310.065,1.22,35,1.993,569,32.396,32,1.822,528,30.061,NA,NA,NA,NA,NA,NA,NA,NA,NA,NA,NA,NA,NA,NA,508.544,43.2,18.779,11.881,48472.545,NA,109.361,5.29,24.4,27.3,NA,3.32,82.28,0.944,17564020,NA,NA,NA,NA
NCL,Oceania,New Caledonia,2022-12-03,76187,314,262750.941,1082.912,NA,NA,NA,NA,NA,NA,NA,NA,NA,NA,NA,NA,NA,NA,469759,191660,184116,93983,162.01,66.1,63.5,32.41,NA,15.342,33.4,9.954,6.489,NA,NA,NA,23.36,NA,NA,NA,NA,77.55,NA,289959,NA,NA,NA,NA
NZL,Oceania,New Zealand,2022-12-03,1945281,2212,375153.825,426.591,-0.01,NA,NA,NA,NA,NA,NA,NA,NA,NA,NA,NA,NA,NA,NA,NA,NA,NA,NA,NA,NA,NA,11.11,18.206,37.9,15.322,9.72,36085.843,NA,128.797,8.08,14.8,17.2,NA,2.61,82.29,0.931,5185289,NA,NA,NA,NA
NIC,North America,Nicaragua,2022-12-03,15250,245,2194.751,35.26,0.1,NA,NA,NA,NA,NA,NA,NA,NA,NA,NA,NA,NA,NA,12020538,6142306,5878232,NA,173,88.4,84.6,NA,NA,51.667,27.3,5.445,3.519,5321.444,3.2,137.016,11.47,NA,NA,NA,0.9,74.48,0.66,6948395,NA,NA,NA,NA
NER,Africa,Niger,2022-12-03,9434,314,359.967,11.981,0.06,NA,NA,NA,NA,NA,NA,NA,NA,NA,NA,NA,NA,NA,NA,NA,NA,NA,NA,NA,NA,NA,NA,16.955,15.1,2.553,1.378,926,44.5,238.339,2.42,0.1,15.4,8.978,0.3,62.42,0.394,26207982,NA,NA,NA,NA
NGA,Africa,Nigeria,2022-12-03,266283,3155,1218.457,14.437,0.79,NA,NA,NA,NA,NA,NA,NA,NA,NA,NA,NA,NA,NA,NA,NA,NA,NA,NA,NA,NA,NA,NA,209.588,18.1,2.751,1.447,5338.454,NA,181.013,2.42,0.6,10.8,41.949,NA,54.69,0.539,218541216,NA,NA,NA,NA
OWID_NAM,NA,North America,2022-12-03,117153077,1538595,195149.859,2562.942,NA,NA,NA,NA,NA,NA,NA,NA,NA,NA,NA,NA,NA,NA,1121557605,456236820,392068699,245709394,186.83,76,65.31,40.93,NA,NA,NA,NA,NA,NA,NA,NA,NA,NA,NA,NA,NA,NA,NA,600323657,NA,NA,NA,NA
PRK,Asia,North Korea,2022-12-03,1,6,0.038,0.23,NA,NA,NA,NA,NA,NA,NA,NA,NA,NA,NA,NA,NA,NA,NA,NA,NA,NA,NA,NA,NA,NA,NA,211.701,35.3,9.491,6.139,NA,NA,321.681,4,NA,NA,NA,13.2,72.27,NA,26069416,NA,NA,NA,NA
MKD,Europe,North Macedonia,2022-12-03,344872,9570,164726.314,4571.061,-0.02,NA,NA,NA,NA,NA,NA,NA,NA,NA,NA,NA,NA,NA,NA,NA,NA,NA,NA,NA,NA,NA,NA,82.6,39.1,13.26,8.16,13111.214,5,322.688,10.08,NA,NA,NA,4.28,75.8,0.774,2093606,NA,NA,NA,NA
OWID_NIR,Europe,Northern Ireland,2022-12-01,NA,NA,NA,NA,NA,NA,NA,214,112.869,NA,NA,57,30.063,NA,NA,NA,NA,NA,4437266,1430094,1358159,1046855,234.03,75.43,71.63,55.21,NA,NA,NA,NA,NA,NA,NA,NA,NA,NA,NA,NA,NA,NA,NA,1896000,NA,NA,NA,NA
NOR,Europe,Norway,2022-12-03,1469494,4439,270409.714,816.845,1.13,NA,NA,NA,NA,NA,NA,NA,NA,NA,NA,NA,NA,NA,NA,NA,NA,NA,NA,NA,NA,NA,NA,14.462,39.7,16.821,10.813,64800.057,0.2,114.316,5.31,19.6,20.7,NA,3.6,82.4,0.957,5434324,NA,NA,NA,NA
OWID_OCE,NA,Oceania,2022-12-03,13097515,21277,290804.763,472.414,NA,NA,NA,NA,NA,NA,NA,NA,NA,NA,NA,NA,NA,NA,80404322,28907360,27862569,23594474,178.52,64.18,61.86,52.39,NA,NA,NA,NA,NA,NA,NA,NA,NA,NA,NA,NA,NA,NA,NA,45038860,NA,NA,NA,NA
OMN,Asia,Oman,2022-12-03,399119,4628,87214.343,1011.297,-0.01,NA,NA,NA,NA,NA,NA,NA,NA,NA,NA,NA,NA,NA,NA,NA,NA,NA,NA,NA,NA,NA,11.11,14.98,30.7,2.355,1.53,37960.709,NA,266.342,12.61,0.5,15.6,97.4,1.6,77.86,0.813,4576300,NA,NA,NA,NA
PAK,Asia,Pakistan,2022-12-03,1575225,30632,6679.639,129.893,1.2,NA,NA,NA,NA,NA,NA,NA,NA,NA,NA,NA,NA,NA,301954054,139628133,132278468,48517567,128.04,59.21,56.09,20.57,40.32,255.573,23.5,4.495,2.78,5034.708,4,423.031,8.35,2.8,36.7,59.607,0.6,67.27,0.557,235824864,NA,NA,NA,NA
PLW,Oceania,Palau,2022-12-03,5785,7,319896.041,387.083,0.01,NA,NA,NA,NA,NA,NA,NA,NA,NA,NA,NA,NA,NA,NA,NA,NA,NA,NA,NA,NA,NA,NA,47.237,NA,NA,NA,13240.405,NA,NA,15.89,7.7,22.7,NA,4.8,73.7,0.826,18084,NA,NA,NA,NA
PSE,Asia,Palestine,2022-12-03,703036,5708,133909.681,1087.222,-0.01,NA,NA,NA,NA,NA,NA,NA,NA,NA,NA,NA,NA,NA,NA,NA,NA,NA,NA,NA,NA,NA,NA,778.202,20.4,3.043,1.726,4449.898,1,265.91,10.59,NA,NA,NA,NA,74.05,0.708,5250076,NA,NA,NA,NA
PAN,North America,Panama,2022-12-03,1002161,8526,227320.485,1933.955,0.2,NA,NA,NA,NA,NA,NA,NA,NA,NA,NA,NA,NA,NA,8674471,NA,NA,NA,196.76,NA,NA,NA,14.81,55.133,29.7,7.918,5.03,22267.037,2.2,128.346,8.33,2.4,9.9,NA,2.3,78.51,0.815,4408582,NA,NA,NA,NA
PNG,Oceania,Papua New Guinea,2022-12-03,46247,668,4559.668,65.861,0.62,NA,NA,NA,NA,NA,NA,NA,NA,NA,NA,NA,NA,NA,698357,364090,303884,30383,6.89,3.59,3,0.3,11.11,18.22,22.6,3.808,2.142,3823.194,NA,561.494,17.65,23.5,48.8,NA,NA,64.5,0.555,10142625,NA,NA,NA,NA
PRY,South America,Paraguay,2022-12-03,777525,19630,114666.604,2894.962,0.53,NA,NA,NA,NA,NA,NA,NA,NA,NA,NA,NA,NA,NA,9475354,3974532,3529219,1971603,139.74,58.61,52.05,29.08,13.89,17.144,26.5,6.378,3.833,8827.01,1.7,199.128,8.27,5,21.6,79.602,1.3,74.25,0.728,6780745,NA,NA,NA,NA
PER,South America,Peru,2022-12-03,4291373,217470,126033.037,6386.861,1.56,NA,NA,NA,NA,NA,NA,NA,NA,NA,NA,NA,NA,NA,86032966,30118752,28359750,27554464,252.67,88.46,83.29,80.92,11.11,25.129,29.1,7.151,4.455,12236.706,3.5,85.755,5.95,4.8,NA,NA,1.6,76.74,0.777,34049588,NA,NA,NA,NA
PHL,Asia,Philippines,2022-12-03,4039978,64701,34960.304,559.896,1,NA,NA,NA,NA,NA,NA,NA,NA,NA,NA,NA,NA,NA,168893220,78196194,73738568,20946059,146.15,67.67,63.81,18.13,25.41,351.873,25.2,4.803,2.661,7599.188,NA,370.437,7.07,7.8,40.8,78.463,1,71.23,0.718,115559008,NA,NA,NA,NA
POL,Europe,Poland,2022-12-03,6354298,118340,159426.827,2969.104,1.16,NA,NA,NA,NA,NA,NA,NA,NA,NA,NA,NA,NA,NA,57664516,22828328,22601575,15086719,144.68,57.28,56.71,37.85,9.26,124.027,41.8,16.763,10.202,27216.445,NA,227.331,5.91,23.3,33.1,NA,6.62,78.73,0.88,39857144,NA,NA,NA,NA
PRT,Europe,Portugal,2022-12-03,5546290,25517,540002.65,2484.408,0.46,NA,NA,NA,NA,NA,NA,NA,NA,NA,NA,NA,NA,NA,27442872,9769228,8882402,7003204,267.19,95.12,86.48,68.19,11.11,112.371,46.2,21.502,14.924,27936.896,0.5,127.842,9.85,16.3,30,NA,3.39,82.05,0.864,10270857,NA,NA,NA,NA
QAT,Asia,Qatar,2022-12-03,480099,685,178135.682,254.162,1.19,NA,NA,NA,NA,NA,NA,NA,NA,NA,NA,NA,NA,NA,7597911,2849216,2849216,1899479,281.91,105.72,105.72,70.48,NA,227.322,31.9,1.307,0.617,116935.6,NA,176.69,16.52,0.8,26.9,NA,1.2,80.23,0.848,2695131,NA,NA,NA,NA
ROU,Europe,Romania,2022-12-03,3296834,67276,167698.699,3422.101,-0.01,89,4.527,697,35.454,NA,NA,NA,NA,NA,NA,NA,NA,NA,NA,NA,NA,NA,NA,NA,NA,NA,NA,85.129,43,17.85,11.69,23313.199,5.7,370.946,9.74,22.9,37.1,NA,6.892,76.05,0.828,19659270,NA,NA,NA,NA
RUS,Europe,Russia,2022-12-03,21304497,384272,147218.64,2655.402,1.04,NA,NA,NA,NA,NA,NA,7765,53.658,NA,NA,NA,NA,NA,182824700,87235723,78495552,19491614,126.34,60.28,54.24,13.47,22.69,8.823,39.6,14.178,9.393,24765.954,0.1,431.297,6.18,23.4,58.3,NA,8.05,72.58,0.824,144713312,NA,NA,NA,NA
RWA,Africa,Rwanda,2022-12-03,132762,1467,9636.704,106.484,-0.01,NA,NA,NA,NA,NA,NA,NA,NA,NA,NA,NA,NA,NA,NA,NA,NA,NA,NA,NA,NA,NA,NA,494.869,20.3,2.974,1.642,1854.211,56,191.375,4.28,4.7,21,4.617,NA,69.02,0.543,13776702,NA,NA,NA,NA
SHN,Africa,Saint Helena,2022-12-03,1806,NA,334382.522,NA,NA,NA,NA,NA,NA,NA,NA,NA,NA,NA,NA,NA,NA,NA,NA,NA,NA,NA,NA,NA,NA,NA,NA,NA,NA,NA,NA,NA,NA,NA,NA,NA,NA,NA,NA,80.56,NA,5401,NA,NA,NA,NA
KNA,North America,Saint Kitts and Nevis,2022-12-03,6556,46,137497.116,964.745,0.05,NA,NA,NA,NA,NA,NA,NA,NA,NA,NA,NA,NA,NA,64297,NA,27000,3503,134.85,NA,56.63,7.35,NA,212.865,NA,NA,NA,24654.385,NA,NA,12.84,NA,NA,NA,2.3,76.23,0.779,47681,NA,NA,NA,NA
LCA,North America,Saint Lucia,2022-12-03,29711,408,165178.571,2268.28,0.08,NA,NA,NA,NA,NA,NA,NA,NA,NA,NA,NA,NA,NA,122977,60140,54971,NA,68.37,33.43,30.56,NA,NA,293.187,34.9,9.721,6.405,12951.839,NA,204.62,11.62,NA,NA,87.202,1.3,76.2,0.759,179872,NA,NA,NA,NA
SPM,North America,Saint Pierre and Miquelon,2022-12-03,3282,1,557689.04,169.924,NA,NA,NA,NA,NA,NA,NA,NA,NA,NA,NA,NA,NA,NA,NA,NA,NA,NA,NA,NA,NA,NA,NA,NA,NA,NA,NA,NA,NA,NA,NA,NA,NA,NA,NA,81.07,NA,5885,NA,NA,NA,NA
VCT,North America,Saint Vincent and the Grenadines,2022-12-03,9474,116,91132.081,1115.825,0.04,NA,NA,NA,NA,NA,NA,NA,NA,NA,NA,NA,NA,NA,72979,37332,31446,4201,70.2,35.91,30.25,4.04,NA,281.787,31.8,7.724,4.832,10727.146,NA,252.675,11.62,NA,NA,NA,2.6,72.53,0.738,103959,NA,NA,NA,NA
WSM,Oceania,Samoa,2022-12-03,15967,29,71797.293,130.402,0.1,NA,NA,NA,NA,NA,NA,NA,NA,NA,NA,NA,NA,NA,NA,NA,NA,NA,NA,NA,NA,NA,NA,69.413,22,5.606,3.564,6021.557,NA,348.977,9.21,16.7,38.1,NA,NA,73.32,0.715,222390,NA,NA,NA,NA
SMR,Europe,San Marino,2022-12-03,22167,119,657969.724,3532.205,0.48,NA,NA,NA,NA,NA,NA,NA,NA,NA,NA,NA,NA,NA,NA,NA,NA,NA,NA,NA,NA,NA,NA,556.667,NA,NA,NA,56861.47,NA,NA,5.64,NA,NA,NA,3.8,84.97,NA,33690,NA,NA,NA,NA
STP,Africa,Sao Tome and Principe,2022-12-03,6278,77,27608.59,338.621,-0.02,NA,NA,NA,NA,NA,NA,NA,NA,NA,NA,NA,NA,NA,NA,NA,NA,NA,NA,NA,NA,NA,NA,212.841,18.7,2.886,2.162,3052.714,32.3,270.113,2.42,NA,NA,41.34,2.9,70.39,0.625,227393,NA,NA,NA,NA
SAU,Asia,Saudi Arabia,2022-12-03,825718,9471,22679.063,260.129,0.64,NA,NA,NA,NA,NA,NA,NA,NA,NA,NA,NA,NA,NA,NA,NA,NA,NA,NA,NA,NA,NA,0,15.322,31.9,3.295,1.845,49045.411,NA,259.538,17.72,1.8,25.4,NA,2.7,75.13,0.854,36408824,NA,NA,NA,NA
OWID_SCT,Europe,Scotland,2022-11-28,NA,NA,NA,NA,NA,9,1.647,580,106.111,NA,NA,NA,NA,NA,NA,NA,NA,NA,NA,NA,NA,NA,NA,NA,NA,NA,NA,NA,NA,NA,NA,NA,NA,NA,NA,NA,NA,NA,NA,NA,NA,5466000,NA,NA,NA,NA
SEN,Africa,Senegal,2022-12-03,88873,1968,5132.287,113.649,0.21,NA,NA,NA,NA,NA,NA,NA,NA,NA,NA,NA,NA,NA,2657183,1910386,1342023,612714,15.34,11.03,7.75,3.54,19.44,82.328,18.7,3.008,1.796,2470.58,38,241.219,2.42,0.4,16.6,20.859,NA,67.94,0.512,17316452,NA,NA,NA,NA
SRB,Europe,Serbia,2022-12-03,2425077,17399,352915.726,2532.035,0.89,15,2.183,190,27.65,NA,NA,NA,NA,NA,NA,NA,NA,NA,NA,NA,NA,NA,NA,NA,NA,NA,11.11,80.291,41.2,17.366,NA,14048.881,NA,439.415,10.08,37.7,40.2,97.719,5.609,76,0.806,6871547,NA,NA,NA,NA
SYC,Africa,Seychelles,2022-12-03,50068,171,467335.605,1596.117,0.38,NA,NA,NA,NA,NA,NA,NA,NA,NA,NA,NA,NA,NA,NA,NA,NA,NA,NA,NA,NA,NA,13.89,208.354,36.2,8.606,5.586,26382.287,1.1,242.648,10.55,7.1,35.7,NA,3.6,73.4,0.796,107135,NA,NA,NA,NA
SLE,Africa,Sierra Leone,2022-12-03,7759,126,901.609,14.641,0,NA,NA,NA,NA,NA,NA,NA,NA,NA,NA,NA,NA,NA,5122711,3704679,2936332,83336,59.53,43.05,34.12,0.97,39.05,104.7,19.1,2.538,1.285,1390.3,52.2,325.721,2.42,8.8,41.3,19.275,NA,54.7,0.452,8605723,NA,NA,NA,NA
SGP,Asia,Singapore,2022-12-03,2171550,1705,385230.003,302.465,0.74,NA,NA,NA,NA,8,1.419,253,44.882,NA,NA,NA,NA,NA,NA,5156279,5113405,NA,NA,91.47,90.71,NA,17.59,7915.731,42.4,12.922,7.049,85535.383,NA,92.243,10.99,5.2,28.3,NA,2.4,83.62,0.938,5637022,NA,NA,NA,NA
SVK,Europe,Slovakia,2022-12-03,2650937,20740,469736.536,3675.054,1.04,14,2.481,311,55.108,1,0.183,118,20.88,NA,NA,NA,NA,NA,NA,NA,NA,NA,NA,NA,NA,NA,NA,113.128,41.2,15.07,9.167,30155.152,0.7,287.959,7.29,23.1,37.7,NA,5.82,77.54,0.86,5643455,NA,NA,NA,NA
SVN,Europe,Slovenia,2022-12-03,1262996,6939,595796.953,3273.356,1.28,NA,NA,NA,NA,NA,NA,NA,NA,NA,NA,NA,NA,NA,NA,NA,NA,NA,NA,NA,NA,NA,NA,102.619,44.5,19.062,12.93,31400.84,NA,153.493,7.25,20.1,25,NA,4.5,81.32,0.917,2119843,NA,NA,NA,NA
SLB,Oceania,Solomon Islands,2022-12-03,24575,153,33930.623,211.247,0,NA,NA,NA,NA,NA,NA,NA,NA,NA,NA,NA,NA,NA,NA,NA,NA,NA,NA,NA,NA,NA,30.46,21.841,20.8,3.507,2.043,2205.923,25.1,459.78,18.68,NA,NA,35.89,1.4,73,0.567,724272,NA,NA,NA,NA
SOM,Africa,Somalia,2022-12-03,27286,1361,1550.56,77.34,0.06,NA,NA,NA,NA,NA,NA,NA,NA,NA,NA,NA,NA,NA,NA,NA,NA,NA,NA,NA,NA,NA,5.56,23.5,16.8,2.731,1.496,NA,NA,365.769,6.05,NA,NA,9.831,0.9,57.4,NA,17597508,NA,NA,NA,NA
ZAF,Africa,South Africa,2022-12-03,4042769,102464,67498.862,1710.759,0.9,NA,NA,NA,NA,NA,NA,NA,NA,NA,NA,NA,NA,NA,37982823,22472709,19543985,3849560,63.42,37.52,32.63,6.43,NA,46.754,27.3,5.344,3.053,12294.876,18.9,200.38,5.52,8.1,33.2,43.993,2.32,64.13,0.709,59893884,NA,NA,NA,NA
OWID_SAM,NA,South America,2022-12-03,65201564,1335856,149265.28,3058.162,NA,NA,NA,NA,NA,NA,NA,NA,NA,NA,NA,NA,NA,NA,936433783,373089361,337298513,238761141,214.38,85.41,77.22,54.66,NA,NA,NA,NA,NA,NA,NA,NA,NA,NA,NA,NA,NA,NA,NA,436816679,NA,NA,NA,NA
KOR,Asia,South Korea,2022-12-03,27308090,30729,527022.371,593.043,1,430,8.299,2130,41.107,425,8.202,1273,24.568,NA,NA,NA,NA,NA,129624071,45131168,44701454,41309393,250.16,87.1,86.27,79.72,NA,527.967,43.4,13.914,8.622,35938.374,0.2,85.998,6.8,6.2,40.9,NA,12.27,83.03,0.916,51815808,NA,NA,NA,NA
SSD,Africa,South Sudan,2022-12-03,18350,138,1681.454,12.645,0.15,NA,NA,NA,NA,NA,NA,NA,NA,NA,NA,NA,NA,NA,2203626,2153336,2111357,NA,20.19,19.73,19.35,NA,11.11,NA,19.2,3.441,2.032,1569.888,NA,280.775,10.43,NA,NA,NA,NA,57.85,0.433,10913172,NA,NA,NA,NA
ESP,Europe,Spain,2022-12-03,13614807,116108,286274.151,2441.365,1.16,229,4.815,3584,75.36,200,4.205,3207,67.433,NA,NA,NA,NA,NA,NA,NA,NA,NA,NA,NA,NA,NA,11.11,93.105,45.5,19.436,13.799,34272.36,1,99.403,7.17,27.4,31.4,NA,2.97,83.56,0.904,47558632,NA,NA,NA,NA
LKA,Asia,Sri Lanka,2022-12-03,671703,16805,30766.69,769.736,0.87,NA,NA,NA,NA,NA,NA,NA,NA,NA,NA,NA,NA,NA,NA,NA,NA,NA,NA,NA,NA,NA,25.93,341.955,34.1,10.069,5.331,11669.077,0.7,197.093,10.68,0.3,27,NA,3.6,76.98,0.782,21832150,NA,NA,NA,NA
SDN,Africa,Sudan,2022-12-03,63637,4990,1357.613,106.455,0.68,NA,NA,NA,NA,NA,NA,NA,NA,NA,NA,NA,NA,NA,NA,NA,NA,NA,NA,NA,NA,NA,NA,23.258,19.7,3.548,2.034,4466.507,NA,431.388,15.67,NA,NA,23.437,0.8,65.31,0.51,46874200,NA,NA,NA,NA
SUR,South America,Suriname,2022-12-03,81581,1393,131998.266,2253.878,-0.01,NA,NA,NA,NA,NA,NA,NA,NA,NA,NA,NA,NA,NA,NA,NA,NA,NA,NA,NA,NA,NA,NA,3.612,29.6,6.933,4.229,13767.119,NA,258.314,12.54,7.4,42.9,67.779,3.1,71.68,0.738,618046,NA,NA,NA,NA
SWE,Europe,Sweden,2022-12-03,2632091,21127,249502.694,2002.683,1.14,NA,NA,NA,NA,NA,NA,NA,NA,NA,NA,NA,NA,NA,25185628,7813295,7631000,9444661,238.74,74.06,72.34,89.53,11.11,24.718,41,19.985,13.433,46949.283,0.5,133.982,4.79,18.8,18.9,NA,2.22,82.8,0.945,10549349,NA,NA,NA,NA
CHE,Europe,Switzerland,2022-12-03,4337983,14137,496309.981,1617.419,1.14,42,4.805,1188,135.919,NA,NA,99,11.327,NA,NA,NA,NA,NA,16729866,6095349,6011431,4714168,191.41,69.74,68.78,53.93,5.56,214.243,43.1,18.436,12.644,57410.166,NA,99.739,5.59,22.6,28.9,NA,4.53,83.78,0.955,8740471,NA,NA,NA,NA
SYR,Asia,Syria,2022-12-03,57404,3163,2594.503,142.959,1.1,NA,NA,NA,NA,NA,NA,NA,NA,NA,NA,NA,NA,NA,NA,NA,NA,NA,NA,NA,NA,NA,11.11,NA,21.7,NA,2.577,NA,NA,376.264,NA,NA,NA,70.598,1.5,72.7,0.567,22125242,NA,NA,NA,NA
TWN,Asia,Taiwan,2022-12-03,8356217,14449,349729.147,604.728,0.85,NA,NA,NA,NA,NA,NA,NA,NA,NA,NA,NA,NA,NA,63909544,21808550,20562014,21538980,267.48,91.27,86.06,90.15,21.3,NA,42.2,NA,8.353,NA,NA,103.957,NA,NA,NA,NA,NA,80.46,NA,23893396,NA,NA,NA,NA
TJK,Asia,Tajikistan,2022-12-03,17786,125,1787.037,12.559,0,NA,NA,NA,NA,NA,NA,NA,NA,NA,NA,NA,NA,NA,NA,NA,NA,NA,NA,NA,NA,NA,8.33,64.281,23.3,3.466,2.155,2896.913,4.8,427.698,7.11,NA,NA,72.704,4.8,71.1,0.668,9952789,NA,NA,NA,NA
TZA,Africa,Tanzania,2022-12-03,40656,845,620.724,12.901,0.42,NA,NA,NA,NA,NA,NA,NA,NA,NA,NA,NA,NA,NA,NA,NA,NA,NA,NA,NA,NA,NA,2.78,64.699,17.7,3.108,1.874,2683.304,49.1,217.288,5.75,3.3,26.7,47.953,0.7,65.46,0.529,65497752,NA,NA,NA,NA
THA,Asia,Thailand,2022-12-03,4707244,33180,65654.664,462.781,-0.04,NA,NA,NA,NA,NA,NA,NA,NA,NA,NA,NA,NA,NA,NA,NA,NA,NA,NA,NA,NA,NA,5.56,135.132,40.1,11.373,6.89,16277.671,0.1,109.861,7.04,1.9,38.8,90.67,2.1,77.15,0.777,71697024,NA,NA,NA,NA
TLS,Asia,Timor,2022-12-03,23354,138,17411.492,102.885,1.03,NA,NA,NA,NA,NA,NA,NA,NA,NA,NA,NA,NA,NA,1943325,872617,779475,291233,144.88,65.06,58.11,21.71,NA,87.176,18,3.556,1.897,6570.102,30.3,335.346,6.86,6.3,78.1,28.178,5.9,69.5,0.606,1341298,NA,NA,NA,NA
TGO,Africa,Togo,2022-12-03,39332,290,4444.947,32.773,0.46,NA,NA,NA,NA,NA,NA,NA,NA,NA,NA,NA,NA,NA,3392046,2239907,1456018,427804,38.33,25.31,16.45,4.83,30.1,143.366,19.4,2.839,1.525,1429.813,49.2,280.033,6.15,0.9,14.2,10.475,0.7,61.04,0.515,8848700,NA,NA,NA,NA
TON,Oceania,Tonga,2022-12-03,16182,12,151421.861,112.289,0.02,NA,NA,NA,NA,NA,NA,NA,NA,NA,NA,NA,NA,NA,207744,91949,77464,38331,194.39,86.04,72.49,35.87,16.23,150.028,22.3,5.82,4.032,5425.621,NA,227.49,15.42,11.8,44.4,NA,2.6,70.91,0.725,106867,NA,NA,NA,NA
TTO,North America,Trinidad and Tobago,2022-12-03,185377,4267,121078.899,2786.989,0.59,NA,NA,NA,NA,NA,NA,NA,NA,NA,NA,NA,NA,NA,NA,NA,NA,NA,NA,NA,NA,NA,11.11,266.886,36.2,10.014,5.819,28763.071,NA,228.467,10.97,NA,NA,89.443,3,73.51,0.796,1531043,NA,NA,NA,NA
TUN,Africa,Tunisia,2022-12-03,1147072,29268,92834.35,2368.706,0.8,NA,NA,NA,NA,NA,NA,NA,NA,NA,NA,NA,NA,NA,13189345,7215570,6391288,1273665,106.74,58.4,51.73,10.31,NA,74.228,32.7,8.001,5.075,10849.297,2,318.991,8.52,1.1,65.8,78.687,2.3,76.7,0.74,12356116,NA,NA,NA,NA
TUR,Asia,Turkey,2022-12-03,16919638,101203,198258.619,1185.863,0,NA,NA,NA,NA,NA,NA,NA,NA,NA,NA,NA,NA,NA,152543341,57941051,53176961,41425329,178.75,67.89,62.31,48.54,11.11,104.914,31.6,8.153,5.061,25129.341,0.2,171.285,12.13,14.1,41.1,NA,2.81,77.69,0.82,85341248,NA,NA,NA,NA
TCA,North America,Turks and Caicos Islands,2022-12-03,6446,36,140970.126,787.298,NA,NA,NA,NA,NA,NA,NA,NA,NA,NA,NA,NA,NA,NA,NA,NA,NA,NA,NA,NA,NA,NA,NA,37.312,NA,NA,NA,NA,NA,NA,NA,NA,NA,NA,NA,80.22,NA,45726,NA,NA,NA,NA
TUV,Oceania,Tuvalu,2022-12-03,2805,NA,247463.608,NA,0.68,NA,NA,NA,NA,NA,NA,NA,NA,NA,NA,NA,NA,NA,NA,NA,NA,NA,NA,NA,NA,NA,NA,373.067,NA,NA,NA,3575.104,3.3,NA,27.25,NA,NA,NA,NA,67.57,NA,11335,NA,NA,NA,NA
UGA,Africa,Uganda,2022-12-03,169733,3630,3592.264,76.826,0.16,NA,NA,NA,NA,NA,NA,NA,NA,NA,NA,NA,NA,NA,NA,NA,NA,NA,NA,NA,NA,NA,NA,213.759,16.4,2.168,1.308,1697.707,41.6,213.333,2.5,3.4,16.7,21.222,0.5,63.37,0.544,47249588,NA,NA,NA,NA
UKR,Europe,Ukraine,2022-12-03,5647790,118490,142255.464,2984.504,0.42,NA,NA,NA,NA,NA,NA,NA,NA,NA,NA,NA,NA,NA,NA,NA,NA,NA,NA,NA,NA,NA,NA,77.39,41.4,16.462,11.133,7894.393,0.1,539.849,7.11,13.5,47.4,NA,8.8,72.06,0.779,39701744,NA,NA,NA,NA
ARE,Asia,United Arab Emirates,2022-12-03,1044704,2348,110654.457,248.699,0.75,NA,NA,NA,NA,NA,NA,NA,NA,NA,NA,NA,NA,NA,NA,NA,NA,NA,NA,NA,NA,NA,13.89,112.442,34,1.144,0.526,67293.483,NA,317.84,17.26,1.2,37.4,NA,1.2,77.97,0.89,9441138,NA,NA,NA,NA
GBR,Europe,United Kingdom,2022-12-03,24024746,212296,355875.05,3144.71,1.28,NA,NA,5840,86.507,NA,NA,NA,NA,NA,NA,NA,NA,NA,NA,NA,NA,NA,NA,NA,NA,NA,NA,272.898,40.8,18.517,12.527,39753.244,0.2,122.137,4.28,20,24.7,NA,2.54,81.32,0.932,67508936,NA,NA,NA,NA
USA,North America,United States,2022-12-03,98967906,1081431,292553.573,3196.759,1.12,3526,10.423,29698,87.789,NA,NA,33946,100.346,NA,NA,NA,NA,NA,655280140,267346533,228369460,NA,197.37,80.52,68.78,NA,23.2,35.608,38.3,15.413,9.732,54225.446,1.2,151.089,10.79,19.1,24.6,NA,2.77,78.86,0.926,338289856,NA,NA,NA,NA
OWID_UMC,NA,Upper middle income,2022-12-03,140687653,2503965,55697.56,991.308,NA,NA,NA,NA,NA,NA,NA,NA,NA,NA,NA,NA,NA,NA,5339171948,2097536203,1983326260,1225997972,211.38,83.04,78.52,48.54,NA,NA,NA,NA,NA,NA,NA,NA,NA,NA,NA,NA,NA,NA,NA,2525921300,NA,NA,NA,NA
URY,South America,Uruguay,2022-12-03,993875,7537,290369.335,2202.001,1.13,NA,NA,NA,NA,NA,NA,NA,NA,NA,NA,NA,NA,NA,8749062,3002534,2894647,2851881,255.61,87.72,84.57,83.32,13.89,19.751,35.6,14.655,10.361,20551.409,0.1,160.708,6.93,14,19.9,NA,2.8,77.91,0.817,3422796,NA,NA,NA,NA
UZB,Asia,Uzbekistan,2022-12-03,246833,1637,7128.206,47.274,1.8,NA,NA,NA,NA,NA,NA,NA,NA,NA,NA,NA,NA,NA,NA,NA,NA,NA,NA,NA,NA,NA,5.56,76.134,28.2,4.469,2.873,6253.104,NA,724.417,7.57,1.3,24.7,NA,4,71.72,0.72,34627648,NA,NA,NA,NA
VUT,Oceania,Vanuatu,2022-12-03,11981,14,36667.85,42.847,-0.01,NA,NA,NA,NA,NA,NA,NA,NA,NA,NA,NA,NA,NA,NA,NA,NA,NA,NA,NA,NA,NA,11.11,22.662,23.1,4.394,2.62,2921.909,13.2,546.3,12.02,2.8,34.5,25.209,NA,70.47,0.609,326744,NA,NA,NA,NA
VAT,Europe,Vatican,2022-12-03,29,NA,35891.089,NA,NA,NA,NA,NA,NA,NA,NA,NA,NA,NA,NA,NA,NA,NA,NA,NA,NA,NA,NA,NA,NA,NA,NA,NA,NA,NA,NA,NA,NA,NA,NA,NA,NA,NA,NA,75.12,NA,808,NA,NA,NA,NA
VEN,South America,Venezuela,2022-12-03,547772,5829,19354.738,205.959,1.12,NA,NA,NA,NA,NA,NA,NA,NA,NA,NA,NA,NA,NA,37860994,22157232,NA,651502,133.78,78.29,NA,2.3,13.89,36.253,29,6.614,3.915,16745.022,NA,204.85,6.47,NA,NA,NA,0.8,72.06,0.711,28301700,NA,NA,NA,NA
VNM,Asia,Vietnam,2022-12-03,11517517,43177,117302.025,439.743,1.02,NA,NA,NA,NA,NA,NA,NA,NA,NA,NA,NA,NA,NA,NA,NA,NA,NA,NA,NA,NA,NA,23.15,308.127,32.6,7.15,4.718,6171.884,2,245.465,6,1,45.9,85.847,2.6,75.4,0.704,98186856,NA,NA,NA,NA
OWID_WLS,Europe,Wales,2022-11-29,NA,NA,NA,NA,NA,10,3.155,341,107.571,NA,NA,40,12.618,NA,NA,NA,NA,NA,8435836,2590745,2469437,2083322,266.11,81.73,77.9,65.72,NA,NA,NA,NA,NA,NA,NA,NA,NA,NA,NA,NA,NA,NA,NA,3170000,NA,NA,NA,NA
WLF,Oceania,Wallis and Futuna,2022-12-03,3415,7,294498.103,603.656,NA,NA,NA,NA,NA,NA,NA,NA,NA,NA,NA,NA,NA,NA,NA,NA,NA,NA,NA,NA,NA,NA,NA,NA,NA,NA,NA,NA,NA,NA,NA,NA,NA,NA,NA,79.94,NA,11596,NA,NA,NA,NA
OWID_WRL,NA,World,2022-12-03,644934734,6640260,80868.494,832.624,1.09,NA,NA,NA,NA,NA,NA,NA,NA,NA,NA,NA,NA,NA,13010487094,5462229587,5024984837,2629011491,163.14,68.49,63.01,32.97,NA,58.045,30.9,8.696,5.355,15469.207,10,233.07,8.51,6.434,34.635,60.13,2.705,72.58,0.737,7975105024,NA,NA,NA,NA
YEM,Asia,Yemen,2022-12-03,11945,2159,354.487,64.072,0.02,NA,NA,NA,NA,NA,NA,NA,NA,NA,NA,NA,NA,NA,1239152,1003208,757669,58811,3.68,2.98,2.25,0.17,5.56,53.508,20.3,2.922,1.583,1479.147,18.8,495.003,5.35,7.6,29.2,49.542,0.7,66.12,0.47,33696612,NA,NA,NA,NA
ZMB,Africa,Zambia,2022-12-03,333746,4019,16672.57,200.773,0.02,NA,NA,NA,NA,NA,NA,NA,NA,NA,NA,NA,NA,NA,NA,10802844,NA,NA,NA,53.97,NA,NA,NA,22.995,17.7,2.48,1.542,3689.251,57.5,234.499,3.94,3.1,24.7,13.938,2,63.89,0.584,20017670,NA,NA,NA,NA
ZWE,Africa,Zimbabwe,2022-12-03,259164,5620,15879.623,344.351,0,NA,NA,NA,NA,NA,NA,NA,NA,NA,NA,NA,NA,NA,NA,NA,NA,NA,NA,NA,NA,NA,53.7,42.729,19.6,2.822,1.882,1899.775,21.4,307.846,1.82,1.6,30.7,36.791,1.7,61.49,0.571,16320539,NA,NA,NA,NA
